source,target,mode,confidence_score
Myc,Tert,1,1.0
Stat3,Il6,1,1.0
Nfkb1,Hmox1,1,1.0
Cebpb,Saa2,1,1.0
Cebpb,Saa1,1,1.0
Sp1,Adam17,1,1.0
Hoxa10,Phgdh,-1,1.0
Foxo1,Dusp4,-1,1.0
Foxo1,Dapk1,1,1.0
Smad3,Gli2,1,1.0
Foxo1,Daam1,1,1.0
Foxo1,Cnot8,1,1.0
E2f1,Irf3,-1,1.0
Ets2,Fli1,1,1.0
Foxo1,Cdkn2d,1,1.0
Sp1,Irs2,1,1.0
Foxo1,Cdkn2b,1,1.0
Foxo1,Ccng2,1,1.0
Foxo1,Ccnb2,-1,1.0
Foxo1,Ccnb1,-1,1.0
Sp1,Tmpo,1,1.0
Foxa1,Rprm,-1,1.0
Egr1,Tmpo,1,1.0
Pparg,Vldlr,1,1.0
Atf4,Ddit4,1,1.0
Ets1,Fos,1,1.0
Jun,Ets1,1,1.0
Foxa1,Hspa1a,1,1.0
Cebpb,Xbp1,1,1.0
E2f1,Hic1,1,1.0
Hic1,E2f1,-1,1.0
Foxo1,Rps6ka3,1,1.0
Klf4,Nanog,1,1.0
Pbx1,Nanog,1,1.0
Hic1,Ackr3,-1,1.0
Gata1,Aggf1,1,1.0
Myc,E2f1,1,1.0
E2f1,Myc,1,1.0
Rel,Ephb2,-1,1.0
Pax6,Met,1,1.0
Klf5,Fgfbp1,1,1.0
Foxo1,Mcm5,-1,1.0
Gata3,Tek,1,1.0
Gli1,Igfbp6,1,1.0
Atf4,Nupr1,1,1.0
Stat6,Rhoa,1,1.0
Sp1,Htt,1,1.0
Hsf1,Nat2,1,1.0
Srebf2,Stard4,1,1.0
Rela,Akt1,-1,1.0
E2f1,Siah1a,1,1.0
Srebf2,Pcyt2,1,1.0
Srebf2,Insig1,1,1.0
Bmal1,Per3,1,1.0
Srebf2,Ebp,1,1.0
Rela,Crhr1,1,1.0
Sp3,Hsd17b1,1,1.0
Klf4,Cdh1,1,1.0
Rela,Mmp3,1,1.0
Hbp1,Mif,-1,1.0
Nr3c1,Bglap,-1,1.0
Nr3c1,Bglap3,-1,1.0
Nr3c1,Bglap2,-1,1.0
Sp1,Nfkb1,1,1.0
Irf1,Il27,1,1.0
Hif1a,Ccn2,1,1.0
Rela,Cxcl10,1,1.0
Nfkb1,Cxcl10,1,1.0
Foxa2,Cdh1,1,1.0
Sp1,Cd151,1,1.0
Spi1,Ncf2,1,1.0
Sox4,Ncam1,1,1.0
Maf,Mmp13,1,1.0
Esr1,Greb1,1,1.0
Srebf1,Sqle,1,1.0
Srebf1,Pik3r3,1,1.0
Srebf1,Pcyt2,1,1.0
Srebf1,Insig1,1,1.0
Myc,Srm,1,1.0
Irf1,H2-D1,1,1.0
Fli1,Gata1,1,1.0
Cebpa,Apoa1,1,1.0
Cebpa,Scd1,1,1.0
Cebpa,Gls2,1,1.0
Irf9,Ifit3,1,1.0
Stat2,Ifit3,1,1.0
Irf1,Ifit3,1,1.0
Klf15,Lrp5,1,1.0
Sp1,Lrp5,1,1.0
Mycn,Tp53,1,1.0
Srebf1,Hmgcs1,1,1.0
Nr1h2,Bhlhe40,1,1.0
Irf1,H2-K1,1,1.0
Irf1,H2-Q10,1,1.0
Sp1,Smad4,1,1.0
Sp1,Actc1,1,1.0
Sp1,Ada,1,1.0
E2f1,Hspa5,-1,1.0
Sp1,Acta1,1,1.0
Sp1,Ung,1,1.0
Sp1,Tpi1,1,1.0
Sp1,Tal1,1,1.0
Sp1,Scnn1g,1,1.0
Smad3,Vegfa,1,1.0
Nfkb1,Cflar,1,1.0
Nfkb1,Traf2,1,1.0
Hsf1,Bag3,-1,1.0
E2f1,Kif23,1,1.0
E2f1,Racgap1,1,1.0
Sp1,Proc,1,1.0
Myc,Hspd1,1,1.0
Nr1h3,Bhlhe40,1,1.0
Cdx1,Pparg,1,1.0
Jun,Ccl4,1,1.0
Wt1,Tbxa2r,-1,1.0
E2f3,Aurka,1,1.0
Nfatc1,Il5,1,1.0
Jun,Mmp7,1,1.0
Usf1,Ciita,1,1.0
Ar,Vegfa,1,1.0
Jun,Ppard,1,1.0
Ets1,Mmp13,1,1.0
Irf1,Foxp3,-1,1.0
Ppara,Ptgs2,1,1.0
Tp53,Akt1,-1,1.0
E2f1,Pdk4,1,1.0
Ar,Egfr,1,1.0
Irf1,Cd40,1,1.0
Rela,Irf1,1,1.0
Tp53,Pdgfrb,1,1.0
Ets1,Tbxa2r,1,1.0
Gata1,Tbxa2r,1,1.0
Sp1,Tnfsf10,-1,1.0
Klf6,Atf3,1,1.0
Rela,Il10,1,1.0
Tcf7l2,Axin2,1,1.0
Klf5,Fasn,1,1.0
Sp1,Pim1,1,1.0
Cebpa,Foxa2,1,1.0
Spi1,Parg,-1,1.0
Ar,Igf1r,1,1.0
Hnf4a,Aldob,1,1.0
Nfkb1,Pdgfb,1,1.0
Gata4,Erbb2,-1,1.0
Nfkb1,Cxcl2,1,1.0
Hif1a,Pfkl,1,1.0
E2f1,Fgfr1,1,1.0
Sox9,Nkx3-2,1,1.0
Cebpa,Socs3,1,1.0
E2f1,Cdan1,1,1.0
Hif1a,Aph1a,1,1.0
Irf1,Cxcl10,1,1.0
Nfatc1,Icam1,1,1.0
Klf4,Birc5,-1,1.0
Rela,Traf1,1,1.0
Wt1,Pax2,-1,1.0
Foxo1,Tmem47,1,1.0
Ets2,Mmp9,1,1.0
Foxo3,Cdkn2b,1,1.0
Nfkb1,Vim,1,1.0
Jund,Tgfb1,1,1.0
Relb,Abcb1a,1,1.0
Runx1,Spi1,1,1.0
Spi1,Bphl,-1,1.0
Myc,Mnt,1,1.0
Sp1,Pcna,1,1.0
Spi1,Clec4g,1,1.0
Myc,Brd7,-1,1.0
Hnf4a,Rnase2b,1,1.0
Esr1,Btg2,-1,1.0
Pou2f1,Ptgir,1,1.0
Spi1,Ptgir,1,1.0
Irf1,H2-Q7,1,1.0
Foxa1,Bcl2,-1,1.0
Nanog,Cdk6,-1,1.0
Ar,Klk4,1,1.0
Esr1,Bcl2,1,1.0
Sp1,Ezr,1,1.0
Jun,Ezr,1,1.0
Fos,Ezr,1,1.0
Ar,Tmprss2,1,1.0
Sp1,Cdc25c,1,1.0
Jun,Edn1,1,1.0
Nanog,Cdc25a,-1,1.0
Gata1,Hemgn,-1,1.0
Pou5f1,Cdx2,-1,1.0
Gli2,Ugcg,-1,1.0
Mitf,Oca2,1,1.0
Hmga1,Cdc25a,1,1.0
Sox2,Ntrk3,1,1.0
Foxo1,Ccnd1,-1,1.0
Stat3,Pim1,1,1.0
Hnf4a,Apoa1,1,1.0
Cdx2,Mep1a,1,1.0
Klf4,Rara,-1,1.0
E2f1,Hmga1,1,1.0
Sp1,Stk11,1,1.0
Egr1,Bcar1,1,1.0
Egr1,Rbl2,1,1.0
Gli1,Ccnd2,1,1.0
Rela,Mcl1,1,1.0
Rest,Lin28a,-1,1.0
Myc,Srsf1,1,1.0
Ctcf,Rarres1,1,1.0
Usf1,Gata5,1,1.0
Rbpj,Fcer2,1,1.0
Atf4,Fgf21,1,1.0
Cdx2,Cftr,1,1.0
Sp1,Mmp11,1,1.0
Hic1,Epha2,-1,1.0
Tp53,Met,-1,1.0
Stat3,Vip,1,1.0
Stat3,Il6st,1,1.0
E2f1,Ect2,1,1.0
Stat3,Birc3,1,1.0
Rela,Csf1,1,1.0
Nfkb1,Ctcf,-1,1.0
Srebf2,Hmgcr,1,1.0
Stat3,Chi3l1,1,1.0
Gli1,Slit2,-1,1.0
Rora,Nr1d1,1,1.0
Myc,H2az1,1,1.0
Twist1,Esr1,-1,1.0
Rela,Il12a,1,1.0
Sp1,Fas,1,1.0
Pcgf2,Hoxa7,1,1.0
Gata3,Foxc1,-1,1.0
E2f1,Mcph1,1,1.0
Sp1,Cers2,1,1.0
Pparg,Mmp9,-1,1.0
Klf4,Vdr,-1,1.0
Fli1,Eya3,1,1.0
Stat4,S100a4,1,1.0
Yy1,Crebbp,-1,1.0
Foxo1,Cdkn1a,1,1.0
Ar,Akr1c18,-1,1.0
Jun,Mmp3,1,1.0
Ybx1,Sumo1,-1,1.0
Sp1,Abcc1,-1,1.0
Bcl6,Litaf,-1,1.0
Ybx1,Rbbp8,-1,1.0
Nfkb1,Birc5,1,1.0
Ybx1,Kpna2,-1,1.0
Klf4,Ccnd1,1,1.0
Zeb1,Grhl2,-1,1.0
Sp1,Slc19a3,1,1.0
Ets1,Il2,-1,1.0
Tfap2c,Ecm1,1,1.0
E2f2,Mcm5,1,1.0
Wt1,Ube2i,-1,1.0
E2f1,Plk1,1,1.0
Esr1,Ar,1,1.0
Yy1,Epas1,-1,1.0
Tbp,Lin28b,1,1.0
Jund,Sox4,1,1.0
Mitf,Ppargc1a,1,1.0
Stat3,Usp7,-1,1.0
E2f1,Rbm38,1,1.0
E2f1,Foxm1,1,1.0
Foxo3,Stk11,1,1.0
E2f1,Cd2ap,1,1.0
Tal1,Myb,1,1.0
Zfp202,Pomgnt1,-1,1.0
Foxo1,Klf2,1,1.0
Stat3,Pgf,-1,1.0
Stat6,Slc26a4,1,1.0
Pax6,Pcsk1,1,1.0
Egr1,Slc4a2,1,1.0
Nr2f2,Pou5f1,-1,1.0
Zeb2,Meox2,-1,1.0
Spi1,Itgax,-1,1.0
Zbtb7a,Pfkp,-1,1.0
Pparg,Egfr,-1,1.0
Rela,Egfr,1,1.0
Cdx2,Axin2,1,1.0
Sall4,Abca3,1,1.0
Atf4,Hrk,1,1.0
Gata1,Alas2,1,1.0
Creb1,Cdk11b,1,1.0
Atf4,Chac1,1,1.0
Spi1,Csf3r,1,1.0
Rest,Kcnq2,-1,1.0
Gli2,Lum,-1,1.0
Prdm14,Pou5f1,1,1.0
Erg,Icam1,-1,1.0
Tp63,Klf4,-1,1.0
E2f1,Thbs1,1,1.0
Fos,Ercc4,1,1.0
Srebf1,Lrp1,-1,1.0
Erg,Vwf,1,1.0
Sp1,Epor,-1,1.0
Usf1,Ceacam2,1,1.0
Usf1,Ceacam1,1,1.0
Irf1,Ceacam2,1,1.0
Irf1,Ceacam1,1,1.0
Nrf1,Prdx5,1,1.0
Sp1,Sigirr,1,1.0
Sp1,Crem,1,1.0
Nanog,Kdr,1,1.0
Clock,Per3,1,1.0
Gli2,Ifngr1,-1,1.0
Wt1,Smad3,1,1.0
Tfcp2,Tf,1,1.0
Gcm2,Pth,1,1.0
Atf4,Ddr2,1,1.0
Hnf1a,Cdh17,1,1.0
Nfkb1,Mmp13,1,1.0
Stat5b,Bcl2l1,1,1.0
Ar,Erbb3,1,1.0
Elf1,Meis1,1,1.0
Hnf4a,C1qtnf5,1,1.0
Hnf4a,Mfrp,1,1.0
Esr1,Nqo1,-1,1.0
Myc,Tfrc,1,1.0
Elk4,Fos,1,1.0
Sp1,Socs1,1,1.0
Foxo3,Txnip,1,1.0
Myc,Cdk6,1,1.0
Myb,Lmo2,1,1.0
Gli2,Pcna,1,1.0
Srebf2,Pon1,1,1.0
Ctcf,Bcl6,-1,1.0
Tp53,Elf4,-1,1.0
Spi1,Ifit3,1,1.0
Gli2,Fgf13,1,1.0
Sp1,Blmh,1,1.0
Sox2,Abcc6,1,1.0
Foxo3,Ccng2,1,1.0
Foxo4,Sod2,1,1.0
Fli1,Erg,1,1.0
Gata3,Erg,1,1.0
Lyl1,Erg,1,1.0
Smad4,Runx1t1,1,1.0
Stat3,Esr2,1,1.0
Cebpa,Hsd17b11,1,1.0
Gli2,Ccnd1,1,1.0
Rela,Traf2,1,1.0
Klf4,Pfkp,1,1.0
Pax8,E2f1,1,1.0
Sp3,Cd2ap,1,1.0
Pgr,Cyp19a1,-1,1.0
Nfkb1,Il17c,1,1.0
Rela,Il17c,1,1.0
En1,Utrn,-1,1.0
Stat3,Irf1,1,1.0
Yy1,Aph1a,1,1.0
Ets1,Mcl1,1,1.0
Gtf2i,Sirt1,1,1.0
Gli2,Col5a2,1,1.0
Klf4,Atf3,1,1.0
Hif1a,Alas2,1,1.0
Irf8,Tlr3,-1,1.0
Gli2,Efemp1,-1,1.0
Myc,Junb,-1,1.0
Sp3,Nox4,1,1.0
E2f7,Sp1,-1,1.0
Creb1,Nolc1,1,1.0
Mecp2,Esr1,-1,1.0
Hoxa10,Emx2,-1,1.0
Foxo3,Ccnd1,-1,1.0
Nr1h4,Abcc4,-1,1.0
Ppara,Cyp1a1,1,1.0
Vdr,Il12b,-1,1.0
Tp53,Pax5,1,1.0
Pax5,Tp53,1,1.0
Hif1a,Gapdh,1,1.0
Tp53,Rassf1,-1,1.0
Tp53,Uhrf1,-1,1.0
Rara,Cdkn1a,1,1.0
Atf3,Ldlr,-1,1.0
Tcf7l2,Cd44,1,1.0
Sp3,Eapp,-1,1.0
Sp1,Eapp,1,1.0
E2f1,Vegfa,-1,1.0
Stat3,Hamp,1,1.0
Hif1a,Cxcr4,1,1.0
Rela,Sod2,1,1.0
Hoxb7,Fgf2,1,1.0
Tfap2c,Cdkn1a,-1,1.0
Nfya,Fdps,1,1.0
Pparg,Tp53,1,1.0
Stat3,Osm,1,1.0
E2f1,Ncoa3,1,1.0
Stat3,Timp1,1,1.0
Jun,Tfpi2,1,1.0
Pou5f1,Lefty1,1,1.0
Jun,Ptx3,1,1.0
Hif1a,Tert,1,1.0
Runx3,Runx1,-1,1.0
E2f4,Brca1,-1,1.0
E2f4,Rad51,-1,1.0
Rela,Timp1,-1,1.0
Onecut2,Sytl4,-1,1.0
Foxo1,Cdkn1b,1,1.0
Jun,Vim,1,1.0
Sp1,Hsd17b2,1,1.0
Foxo1,Agrp,1,1.0
Hif1a,Tgfb3,1,1.0
Cdx2,Slc15a1,1,1.0
Smad3,Mmp9,1,1.0
Sp1,Ednrb,1,1.0
Ybx1,Egfr,1,1.0
E2f1,Atg10,1,1.0
Yy1,Ada,1,1.0
Rela,Fgf8,1,1.0
Foxo1,Timp3,-1,1.0
Srebf2,Lrp1,-1,1.0
Nr2e1,Pten,-1,1.0
Yy1,Ptpa,1,1.0
Nfya,Actb,1,1.0
Tal1,Nfkb1,-1,1.0
Hey1,Kdr,-1,1.0
Pparg,Abcg2,1,1.0
Srebf1,Slc2a4,1,1.0
Sp1,Brd7,1,1.0
Sp3,Hsd17b2,1,1.0
Foxp3,Il2,-1,1.0
Jun,Chga,1,1.0
Jun,Bdkrb1,1,1.0
Esr1,Cdkn1b,-1,1.0
E2f1,Cdkn1c,1,1.0
E2f1,Ar,-1,1.0
Lef1,Tbxt,1,1.0
Mitf,Diaph1,1,1.0
Tbx21,Il4,-1,1.0
Sp1,Mcl1,1,1.0
Pbx1,Vcp,1,1.0
Ar,Nkx3-1,1,1.0
Ets1,Bax,-1,1.0
Gfi1,Bax,-1,1.0
Rbpj,Pten,-1,1.0
Nfkb1,Nos1,1,1.0
Hnf1a,Ugt1a9,1,1.0
Sox9,Hes1,1,1.0
Lef1,Dsp,-1,1.0
Sp1,Prss50,1,1.0
Ets1,Angpt2,1,1.0
Egr1,Stim1,1,1.0
Smad4,Ccn1,1,1.0
Smad4,Ihh,1,1.0
Smad4,Met,1,1.0
Smad4,Pthlh,1,1.0
Vdr,Cyp7a1,-1,1.0
Hnf4a,F10,1,1.0
Hnf4a,Ebp,1,1.0
Nr5a1,Cyp21,1,1.0
Smad4,Tnfrsf11b,1,1.0
Klf6,Mmp9,-1,1.0
Sp2,Mmp9,-1,1.0
Tp53,Hic1,1,1.0
Atf2,Mmp2,1,1.0
Klf5,Birc5,1,1.0
Rela,Bnip3,-1,1.0
Creb1,Mitf,1,1.0
Jund,Gadd45a,1,1.0
Nfkb1,Sod2,1,1.0
Vdr,Pth,-1,1.0
Rela,Bcl2,1,1.0
Mitf,Clcn7,1,1.0
E2f1,Brca1,1,1.0
Jun,Vdr,1,1.0
Sp1,Xiap,1,1.0
Elk1,Fosl1,1,1.0
Usf1,Slc22a2,1,1.0
E2f1,Bmi1,1,1.0
E2f2,Cdca7,1,1.0
Jun,Brca1,1,1.0
Stat3,Saa2,1,1.0
Stat3,Saa1,1,1.0
E2f1,Pold1,1,1.0
Crem,Cd247,-1,1.0
E2f1,Pola1,1,1.0
E2f1,Mcm7,1,1.0
E2f1,Mcm6,1,1.0
E2f1,Mcm10,1,1.0
Hic1,Sirt1,-1,1.0
Pparg,Lipe,1,1.0
E2f1,Mapk1,1,1.0
E2f1,Map1lc3b,1,1.0
Rela,Birc3,1,1.0
Tp53,Ogg1,1,1.0
E2f1,Mybl2,1,1.0
E2f1,Jun,1,1.0
Tp53,Prodh,1,1.0
Ar,Serpinb5,-1,1.0
Usf1,Slc19a1,1,1.0
Myc,Bcl2,1,1.0
Ar,Pmepa1,1,1.0
E2f1,Pole2,1,1.0
Myb,Sp3,1,1.0
Atf4,Cebpb,1,1.0
Smad3,Ccnd2,1,1.0
Vdr,Cdh1,1,1.0
Foxo3,Cdkn2d,1,1.0
Egr1,Atf3,1,1.0
Hif1a,Met,1,1.0
Foxo3,Foxo1,1,1.0
Foxo3,Cblb,1,1.0
Tp53,Stat3,-1,1.0
Rxra,Srebf1,1,1.0
Foxo3,Bnip3l,1,1.0
E2f1,Zeb1,1,1.0
Yy1,Fas,-1,1.0
Ddit3,Asns,-1,1.0
E2f1,Top1,1,1.0
E2f1,Pnrc2,-1,1.0
Jun,Ptn,1,1.0
E2f1,Tk1,1,1.0
Smad3,Tert,-1,1.0
Ar,Ptgs2,-1,1.0
Myc,Ldha,1,1.0
Tp53,Rad51,1,1.0
E2f1,Ybx3,1,1.0
Myc,Nme1,1,1.0
Skil,Smad7,-1,1.0
E2f1,Cdt1,1,1.0
E2f1,Cdc45,1,1.0
E2f1,Cdc25a,1,1.0
E2f1,B4galt1,1,1.0
Tp63,Vdr,1,1.0
Egr1,Slc9a3,1,1.0
Lef1,Ar,1,1.0
Erg,Eng,1,1.0
Atf2,Nos3,-1,1.0
Nfatc2,Foxp3,1,1.0
Tfap2a,Bcl2,-1,1.0
Ets1,Tert,-1,1.0
Zeb2,Vim,1,1.0
E2f1,Axin2,1,1.0
Esr1,Kdr,1,1.0
E2f1,Cdca7,1,1.0
Tp53,Flt1,1,1.0
Sp1,Ahr,-1,1.0
Myc,Pole3,1,1.0
E2f1,Fancd2,1,1.0
E2f1,Mcm8,1,1.0
Nfkb1,Ccl12,1,1.0
Ctcf,Tert,-1,1.0
Jun,Tgfb1,1,1.0
Gli1,Sfrp1,1,1.0
E2f1,Hells,1,1.0
E2f1,Skp2,1,1.0
Srebf2,Acot7,1,1.0
E2f1,Gmnn,1,1.0
E2f4,Cdca7,1,1.0
Tp53,Ddb1,1,1.0
Sp1,Alox5,1,1.0
Spi1,Ctss,1,1.0
Srebf1,Scd1,1,1.0
Nr2f2,Apoa2,-1,1.0
E2f1,Rad51,1,1.0
Ets1,Rad51,1,1.0
E2f1,Fbxo5,1,1.0
E2f1,Fbxo43,1,1.0
Hif1a,Fgf2,1,1.0
Egr1,Alox5,1,1.0
E2f1,Asf1b,1,1.0
Twist1,Akt2,1,1.0
Foxm1,Myc,1,1.0
Nrf1,Capns1,1,1.0
Foxo3,Plau,-1,1.0
Tp53,Ctnnb1,-1,1.0
Sp1,Prkce,-1,1.0
Rela,Cdkn1a,1,1.0
Srebf1,Npc1,1,1.0
Tp53,Sertad1,1,1.0
Egr1,Wnt4,-1,1.0
Mitf,Rab27a,1,1.0
Tp53,Rrm1,1,1.0
Egr1,Il6,-1,1.0
Hif1a,Twist1,1,1.0
Foxo1,Txnip,-1,1.0
Tp53,Dcc,1,1.0
E2f1,Ctnnd2,1,1.0
Tp53,Tyrp1,1,1.0
Tp53,Peg3,1,1.0
Tp53,Nfatc4,-1,1.0
Sp3,Adgre5,1,1.0
Tp53,Ints7,-1,1.0
Sp1,Adgre5,1,1.0
E2f1,Dtl,1,1.0
Wt1,Ets1,1,1.0
Pax5,Bcl2,-1,1.0
Yy1,Oprm1,1,1.0
Hnf4a,Shbg,1,1.0
Rela,Bax,-1,1.0
Sp1,Mif,1,1.0
Esr1,Nrf1,1,1.0
Twist1,Cdh1,-1,1.0
Jund,Ccr4,1,1.0
Hnf4a,Npc1l1,1,1.0
Srebf2,Npc1l1,1,1.0
E2f1,Bnip3,1,1.0
Smad3,Foxp3,1,1.0
Foxo3,Cited2,1,1.0
Myc,Dusp1,-1,1.0
Myc,Ddx5,1,1.0
Myc,Cks2,1,1.0
Myc,Aimp2,1,1.0
Sp1,Apex1,-1,1.0
Vdr,Igfbp3,-1,1.0
Ets1,Wt1,1,1.0
Sp1,Dbh,1,1.0
E2f1,Sp3,-1,1.0
Tcf7l2,Vim,-1,1.0
Snai2,Vdr,-1,1.0
Yy1,Prdm2,1,1.0
Tcf7l2,Gli2,1,1.0
E2f1,Dbf4,1,1.0
Tcf7l2,Fgf18,1,1.0
Tp53,Gstp1,1,1.0
Tp53,Gstp2,1,1.0
Egr1,Hif1a,1,1.0
Klf6,Dapk2,1,1.0
E2f1,Dapk2,1,1.0
Gata2,Pparg,-1,1.0
Sp1,Crmp1,-1,1.0
Cebpa,Crmp1,1,1.0
Ar,Cdc6,1,1.0
Tcf7l2,Dkk1,1,1.0
E2f6,E2f1,-1,1.0
E2f1,E2f6,1,1.0
Sp1,Sod1,1,1.0
Egr1,Eapp,1,1.0
Rest,Cartpt,-1,1.0
Sp1,Ccn2,1,1.0
Tcf7l2,Lef1,1,1.0
Mitf,Birc7,1,1.0
E2f1,Bin1,1,1.0
E2f1,Xrcc1,1,1.0
Myc,Pcna,1,1.0
Stat3,Egfr,1,1.0
Nfkb1,Bcl3,1,1.0
Nfkb1,Il23a,1,1.0
Rela,Il23a,1,1.0
Tcf7l2,Tnfrsf11b,1,1.0
E2f1,Tnfsf11,1,1.0
Myc,Hspa9,1,1.0
Foxo1,Abcb1a,1,1.0
Tcf7l2,Sp5,1,1.0
Hif1a,Ednrb,1,1.0
Srebf1,Hmgcr,1,1.0
Pura,Ar,-1,1.0
E2f1,Plk4,1,1.0
E2f4,Fbxo5,1,1.0
E2f1,Kif2c,1,1.0
Sp1,Kif2c,1,1.0
Tcf7l2,Mmp7,1,1.0
Yy1,Egfr,1,1.0
Yy1,Tp73,1,1.0
Foxo3,Galt,1,1.0
Myc,Lamp1,-1,1.0
Hif1a,Klk1b24,1,1.0
Hif1a,Klk1b4,1,1.0
Hif1a,Klk1,1,1.0
Smad3,Itga11,1,1.0
Srebf1,Hmox1,1,1.0
Smad3,Col6a3,1,1.0
Smad3,Col6a1,1,1.0
Smad3,Col3a1,1,1.0
Smad3,Col1a1,1,1.0
Smad3,Ankrd1,1,1.0
Nfkb1,Cd40,1,1.0
Nfkb1,Il1a,-1,1.0
Irf1,Rigi,1,1.0
Foxo3,Ar,1,1.0
Creb1,Ppp2ca,1,1.0
Rreb1,Klk1b26,-1,1.0
Rreb1,Klk1b8,-1,1.0
Rreb1,Klk1b9,-1,1.0
Rreb1,Klk1b1,-1,1.0
Hif1a,Klk1b3,1,1.0
Hif1a,Klk1b16,1,1.0
Hif1a,Klk1b5,1,1.0
Hif1a,Klk1b21,1,1.0
Myc,Foxm1,1,1.0
Pdx1,Ada,1,1.0
Runx2,Esr1,-1,1.0
Gata4,Ada,1,1.0
Elf2,Vcp,1,1.0
Mitf,Met,1,1.0
Rela,Sele,1,1.0
Runx1,Il2,1,1.0
Smad3,Timp1,1,1.0
Rreb1,Klk1b11,-1,1.0
Zeb1,Pkp3,-1,1.0
Hnf4a,Abcg8,-1,1.0
Smad3,Met,1,1.0
Hif1a,Klk1b26,1,1.0
Hif1a,Klk1b8,1,1.0
Hif1a,Klk1b9,1,1.0
Hif1a,Klk1b1,1,1.0
Hif1a,Klk1b11,1,1.0
Hif1a,Klk1b27,1,1.0
Hif1a,Klk1b22,1,1.0
Snai1,Vdr,-1,1.0
Wt1,Ciao1,-1,1.0
Rreb1,Klk1b27,-1,1.0
Rreb1,Klk1b21,-1,1.0
Nfkb1,Il2ra,1,1.0
Pgr,Bcl2,1,1.0
Myc,Vegfa,1,1.0
Myc,Rpl23,1,1.0
Myc,Rpl13,1,1.0
Smad3,Cyp17a1,-1,1.0
E2f1,Pcsk6,1,1.0
Myc,Ppif,1,1.0
Atoh1,Hes6,1,1.0
Sp1,Padi1,1,1.0
Sp3,Padi1,1,1.0
Myc,Ccnd1,-1,1.0
Myc,Nop56,1,1.0
Myc,Msh2,1,1.0
Stat3,Twist1,1,1.0
Myc,Ldhb,1,1.0
Srebf2,Pcsk9,1,1.0
Stat3,Nnmt,1,1.0
Tbx21,Cxcr3,1,1.0
Myc,Rpl32,1,1.0
Myc,Rpl6,1,1.0
Myc,Rps15a,1,1.0
Stat3,Ccl12,1,1.0
Rreb1,Klk1b5,-1,1.0
Rreb1,Klk1b16,-1,1.0
Rreb1,Klk1b3,-1,1.0
Rreb1,Klk1b24,-1,1.0
Rreb1,Klk1b4,-1,1.0
Rreb1,Klk1,-1,1.0
Nfkb1,Pthlh,1,1.0
Usf1,Ptgds,1,1.0
E2f6,Apaf1,-1,1.0
Rreb1,Klk1b22,-1,1.0
Hnf1a,Fgl1,1,1.0
Rela,Il12b,1,1.0
E2f1,Dusp1,1,1.0
Sp1,B4galt1,1,1.0
Myc,Trap1,1,1.0
Myc,Snrpd3,1,1.0
Hoxa11,Hoxa10,-1,1.0
Myc,Scarb1,1,1.0
Mef2a,Sost,-1,1.0
Myc,Rps20,1,1.0
Nr2f1,Agt,-1,1.0
Tp53,Bcl3,-1,1.0
Sp1,Atp1a3,1,1.0
Irf3,Cxcl10,1,1.0
Hif1a,Mif,1,1.0
Sox2,Isl1,-1,1.0
Hif1a,Socs1,1,1.0
Sox10,Col11a2,1,1.0
Hlf,Runx1,-1,1.0
Hnf4a,Abcg5,-1,1.0
Hnf4a,Ceacam2,1,1.0
Hnf4a,Ceacam1,1,1.0
Hnf4a,Ldlr,1,1.0
Hnf4a,Pcsk9,1,1.0
Hnf4a,Serpinc1,1,1.0
Snai2,Jag1,1,1.0
Snai2,Cxcr4,1,1.0
Snai1,Thbs1,-1,1.0
Snai1,Hbegf,1,1.0
Smad4,Zfp36,1,1.0
Smad4,Epo,1,1.0
Smad4,Dach1,-1,1.0
Smad4,Col7a1,1,1.0
Hif1a,Eno1,1,1.0
Smad4,Btrc,-1,1.0
Hif1a,E2f3,1,1.0
Sox4,Hdac8,1,1.0
Gata3,Il12rb2,-1,1.0
Nfkb1,Gata3,1,1.0
Rela,Gata3,1,1.0
Sp1,Hsd17b1,1,1.0
Sp1,Hdac4,1,1.0
Sp1,Hcn2,1,1.0
Gfi1b,Mef2c,-1,1.0
Gli1,Egr2,-1,1.0
Gli2,Fas,-1,1.0
Gli2,Fst,1,1.0
Gli2,Wnt2b,1,1.0
Sp1,Adra2b,1,1.0
Hbp1,Ncf1,-1,1.0
Sp1,Adam10,1,1.0
Hey2,Acta2,-1,1.0
Hey2,Gata6,-1,1.0
Sox6,Tp53,1,1.0
Hhex,Hnf4a,1,1.0
Hic1,Vldlr,-1,1.0
Sox2,Rho,-1,1.0
Smad4,Ahr,1,1.0
Smad3,Zfp36,1,1.0
Smad3,Col7a1,1,1.0
Jund,Itgb3,-1,1.0
Klf10,Cdkn1a,1,1.0
Runx3,Cflar,-1,1.0
Runx3,Casp8,1,1.0
Klf4,Thbd,1,1.0
Klf5,Notch1,1,1.0
Klf6,Ltc4s,1,1.0
Runx1,Mecom,1,1.0
Runx1,Mad2l1,-1,1.0
Lef1,Birc5,1,1.0
Lef1,Nrcam,1,1.0
Lhx4,Pou1f1,1,1.0
Rora,Tuba1b,1,1.0
Rfx1,Myc,-1,1.0
Relb,Pigr,1,1.0
Relb,Ccl21b,1,1.0
Mef2c,Cpt1b,1,1.0
Mef2c,Nr4a1,-1,1.0
Mef2c,Sost,-1,1.0
Jund,Itgav,-1,1.0
Jun,Vcam1,1,1.0
Jun,Rarb,1,1.0
Runx3,Mmp9,-1,1.0
Smad3,Ahr,1,1.0
Hoxb13,Tcf4,-1,1.0
Sall4,Zeb1,1,1.0
Hsf2,Map2k4,-1,1.0
Hsf2,Mapk8,-1,1.0
Irf1,Casp7,1,1.0
Rxra,Cpt1b,1,1.0
Irf1,Il10,1,1.0
Rxra,Abcc3,-1,1.0
Gata3,Cdx2,1,1.0
Irf3,Pura,-1,1.0
Irf7,Cxcl10,1,1.0
Irf9,Il27,-1,1.0
Irf9,Pml,1,1.0
Jun,Acta1,1,1.0
Jun,Cd82,1,1.0
Jun,Crem,1,1.0
Jun,Hey1,1,1.0
Jun,Lbp,-1,1.0
Runx3,Tcf4,1,1.0
Irf4,Fcer2,1,1.0
Mef2d,Atf3,1,1.0
Gata3,Cdh1,1,1.0
Sp1,Krt5,1,1.0
Egr1,Ptp4a1,1,1.0
Egr1,Tcf4,1,1.0
Egr1,Ube2s,1,1.0
Yy1,Ep300,1,1.0
Epas1,Ca9,1,1.0
Erg,Fgf2,-1,1.0
Esr1,Blm,1,1.0
Esr1,Ctnnb1,-1,1.0
Esr1,Junb,1,1.0
Esr2,Tff1,1,1.0
Ets1,Cd8a,1,1.0
Ets1,Csf3r,1,1.0
Ets1,Erg,1,1.0
Ets1,Gp6,1,1.0
Ets1,Il2rb,1,1.0
Ets1,Lck,1,1.0
Ets1,Mdm2,-1,1.0
Ets1,Ndrg1,-1,1.0
Ets1,Slc26a3,1,1.0
Egr1,Ptgs2,-1,1.0
Ets1,Tbxas1,-1,1.0
Egr1,Plaur,1,1.0
Egr1,Pcsk2,1,1.0
E2f1,Wwox,-1,1.0
E2f3,Plk1,1,1.0
E2f4,Hcfc1,1,1.0
E2f4,Mcm10,-1,1.0
E2f4,Topbp1,-1,1.0
E2f7,E2f1,-1,1.0
E2f8,E2f1,-1,1.0
Egr1,Cdk5r1,1,1.0
Egr1,Ep300,1,1.0
Egr1,Fcer2,-1,1.0
Egr1,Hyal1,1,1.0
Stat3,Cfb,1,1.0
Stat3,Cdk4,1,1.0
Stat3,Ccnd3,1,1.0
Srf,Samd4a,1,1.0
Srf,Mmp2,1,1.0
Srf,Fosl1,1,1.0
Srf,Acta1,1,1.0
Egr1,Lmtk2,1,1.0
Egr1,Plau,1,1.0
Ets1,Tgfbr2,1,1.0
Ets1,Tnfsf14,1,1.0
Ets2,Angpt2,1,1.0
Sp3,Msh6,1,1.0
Foxa1,Abca1,-1,1.0
Foxa1,Cftr,-1,1.0
Foxa1,Krt7,1,1.0
Foxa1,Nf1,1,1.0
Foxa2,Cftr,-1,1.0
Sp3,Etf1,-1,1.0
Sp3,Cyp17a1,1,1.0
Sp2,Dnmt3b,1,1.0
Sp1,Yy1,1,1.0
Sp1,Tnfsf14,1,1.0
Foxl2,Sirt1,1,1.0
Foxm1,Cdc25b,1,1.0
Sp1,Rora,1,1.0
Sp1,Ppl,1,1.0
Foxo4,Tnfsf10,1,1.0
Foxp3,Ccr4,1,1.0
Sp1,Mme,1,1.0
Sp1,Mat2b,1,1.0
Fosl2,Nos2,1,1.0
Fosl2,Fosl1,1,1.0
Fosl2,Ccr4,1,1.0
Fosl2,Brca1,1,1.0
Ets2,Csf3r,1,1.0
Ets2,Erg,1,1.0
Ets2,Msr1,1,1.0
Etv3,Nfkb1,-1,1.0
Spib,Irf7,-1,1.0
Spi1,Macrod1,-1,1.0
Spi1,Il5,1,1.0
Fli1,Id2,1,1.0
Fos,Acta1,1,1.0
Sp1,Krt19,1,1.0
Spdef,Agr2,1,1.0
Fos,Fas,1,1.0
Fos,Hsph1,1,1.0
Fos,Nefl,1,1.0
Fos,Nfkb1,-1,1.0
Sp3,Slc19a3,1,1.0
Sp3,Rora,1,1.0
Fos,Srr,1,1.0
Fosl1,Itgb3,-1,1.0
Fosl2,Bcl6,1,1.0
Fos,Ddit3,1,1.0
Mef2d,Sost,-1,1.0
Mitf,Bcl2a1,-1,1.0
Mitf,Cdk2,1,1.0
Nfkb1,Lpl,1,1.0
Nfkb1,Mat2a,1,1.0
Nfkb1,Mmp14,1,1.0
Nfkb1,Mmp2,1,1.0
Rela,Ager,1,1.0
Nfkb1,Nolc1,1,1.0
Rel,Tnfaip3,1,1.0
Rel,Csrp1,1,1.0
Nfkb1,Plau,1,1.0
Nfkb1,Plaur,1,1.0
Nfkb1,Ptafr,1,1.0
Atf2,Rb1,1,1.0
Rarg,Icam1,1,1.0
Nfkb1,Ripk2,1,1.0
Rara,Thbd,1,1.0
Rara,Scd1,1,1.0
Nfkb1,Serpina3c,-1,1.0
Nfkb1,Serpina3k,-1,1.0
Nfkb1,Serpina3m,-1,1.0
Rela,Amh,1,1.0
Nfkb1,Serpinb1a,1,1.0
Nfkb1,Klk1,1,1.0
Nfkb1,Klk1b24,1,1.0
Rela,Birc2,1,1.0
Nfkb1,Gstp1,1,1.0
Nfkb1,Gstp2,1,1.0
Nfkb1,Il12a,1,1.0
Nfkb1,Il12b,1,1.0
Nfkb1,Il18,1,1.0
Nfkb1,Irf1,1,1.0
Nfkb1,Junb,1,1.0
Nfkb1,Klk1b26,1,1.0
Nfkb1,Klk1b8,1,1.0
Nfkb1,Klk1b9,1,1.0
Nfkb1,Klk1b1,1,1.0
Nfkb1,Klk1b11,1,1.0
Nfkb1,Klk1b27,1,1.0
Nfkb1,Klk1b22,1,1.0
Nfkb1,Klk1b21,1,1.0
Nfkb1,Klk1b5,1,1.0
Nfkb1,Klk1b16,1,1.0
Nfkb1,Klk1b3,1,1.0
Nfkb1,Klk1b4,1,1.0
Nfkb1,Serpine1,1,1.0
Rara,Prkca,1,1.0
Rara,Macrod1,-1,1.0
Pparg,Apob,-1,1.0
Nr1h4,Abcb4,1,1.0
Nr1h4,Nr1i2,1,1.0
Ppard,Lpl,1,1.0
Ppara,Tuba1b,-1,1.0
Ppara,Mmp9,-1,1.0
Ppara,Apobr,-1,1.0
Ppara,Apob,1,1.0
Pou5f1,Id2,-1,1.0
Nr2f1,Apoa2,-1,1.0
Nr2f6,Lhcgr,-1,1.0
Nr3c1,Atf2,-1,1.0
Nr3c1,Cdk6,-1,1.0
Pou3f2,Gnrh1,1,1.0
Nr3c1,Ets1,-1,1.0
Pknox1,Ptpn6,1,1.0
Rela,Pgr,-1,1.0
Pax6,Pdhx,-1,1.0
Pax2,Tp53,-1,1.0
Pparg,Apobr,-1,1.0
Pparg,Cd83,1,1.0
Pparg,Cpt1b,1,1.0
Pparg,Pou2f1,1,1.0
Nfkb1,Tbx21,1,1.0
Rara,Ccna1,-1,1.0
Nfkb1,Tff3,1,1.0
Nfkb1,Tfpi2,1,1.0
Nfkb1,Thbd,-1,1.0
Nfkb1,Timp1,-1,1.0
Nfkb1,Tlr2,1,1.0
Nfkb1,Tnfaip3,1,1.0
Nfkb1,Tnfsf10,1,1.0
Rela,Birc5,1,1.0
Nfkb1,Traf1,1,1.0
Nfkb1,Xiap,1,1.0
Nfkb2,Ccl21a,1,1.0
Nfkb2,Ccl21c,1,1.0
Nfkb2,Ccl21b,1,1.0
Nfkb2,Ccnd2,1,1.0
Nfkb2,Cdk6,1,1.0
Prox1,Nr5a2,-1,1.0
Nfkb2,Snd1,1,1.0
Pparg,Tshr,-1,1.0
Nfkb1,Vegfa,1,1.0
Nfkb1,Vegfd,1,1.0
Nfkb1,Fbp1,1,1.0
Nfkb1,Faslg,1,1.0
Rela,Plaur,1,1.0
Rela,Pck2,-1,1.0
Myc,St3gal1,1,1.0
Rela,Optn,1,1.0
Myc,Tfap4,1,1.0
Rela,Nolc1,1,1.0
Rela,Ncam1,1,1.0
Myc,Wrn,1,1.0
Rela,Mmp2,1,1.0
Rela,Mmp14,1,1.0
Rela,Klk1,1,1.0
Rela,Klk1b4,1,1.0
Rela,Klk1b24,1,1.0
Rela,Klk1b3,1,1.0
Nanog,Cdx2,-1,1.0
Rela,Klk1b16,1,1.0
Rela,Klk1b5,1,1.0
Nanog,Gata4,-1,1.0
Rela,Klk1b21,1,1.0
Rela,Ppard,-1,1.0
Rela,Pthlh,1,1.0
Myc,Hdac2,1,1.0
Rela,Ripk2,1,1.0
Mitf,Gpnmb,1,1.0
Mitf,Pmel,1,1.0
Mitf,Serpinf1,1,1.0
Relb,Ccl21c,1,1.0
Relb,Ccl21a,1,1.0
Relb,Ccl19,1,1.0
Rela,Xiap,1,1.0
Rela,Vegfa,1,1.0
Rela,Trib3,-1,1.0
Nanog,Lamb1,-1,1.0
Msc,Il10,1,1.0
Msc,Mmp2,1,1.0
Rela,Thbd,-1,1.0
Rela,Tbx21,1,1.0
Rela,Snai1,1,1.0
Rela,Slc25a27,1,1.0
Myb,Col1a1,1,1.0
Myb,Gstm2,1,1.0
Myb,Tk1,1,1.0
Myc,Ass1,1,1.0
Rela,Tnfaip3,1,1.0
E2f1,Ulk1,1,1.0
Rela,Klk1b22,1,1.0
Rela,Klk1b11,1,1.0
Rela,Ctsb,1,1.0
Nfkb1,Ccl22,1,1.0
Nfkb1,Ccl5,1,1.0
Rela,Col2a1,-1,1.0
Nfkb1,Ccnd2,1,1.0
Rela,Col1a1,-1,1.0
Rela,Cflar,1,1.0
Nfkb1,Ccr7,1,1.0
Nfkb1,Cd80,1,1.0
Nfkb1,Cd83,1,1.0
Nfkb1,Cd86,1,1.0
Rela,Cdk6,1,1.0
Rela,Cdk4,1,1.0
Nfkb1,Col1a1,-1,1.0
Rela,Cd83,1,1.0
Nfkb1,Csnk2a1,1,1.0
Nfkb1,Ctsb,1,1.0
Nfkb1,Cyp19a1,-1,1.0
Nfkb1,F3,1,1.0
Nfkb1,Birc3,1,1.0
Nfkb1,Birc2,1,1.0
Nfkb1,B2m,1,1.0
Nfkb1,Amh,1,1.0
Rela,Klk1b1,1,1.0
Rela,Klk1b9,1,1.0
Ncoa3,Bcl2,1,1.0
Rela,Klk1b8,1,1.0
Rela,Klk1b26,1,1.0
Rela,Irf4,1,1.0
Rela,Il1a,-1,1.0
Rela,Il18,1,1.0
Nfe2l2,Mthfr,1,1.0
Rela,Klk1b27,1,1.0
Nfia,Cdkn1a,-1,1.0
Nfic,Itga5,-1,1.0
Nfic,Matn1,-1,1.0
Nfic,Slc34a2,1,1.0
Nfkb1,Abcb1a,1,1.0
Nfkb1,Adora1,1,1.0
Nfkb1,Ager,1,1.0
Nfkb1,Akt1,-1,1.0
Rela,Epas1,1,1.0
E2f1,Rela,1,1.0
Rela,Vegfd,1,1.0
Spi1,Ctsg,1,1.0
Stat3,Cish,1,1.0
E2f1,Rrp1b,1,1.0
Ascl1,Pcsk6,-1,1.0
Cebpa,F9,1,1.0
Cebpa,Igf2,1,1.0
Cebpa,Star,1,1.0
Cebpb,Faslg,1,1.0
Cebpb,Gfer,-1,1.0
Cebpb,S100a9,1,1.0
Creb1,Pcsk1,1,1.0
Creb1,Uxt,1,1.0
E2f1,Map3k5,1,1.0
E2f1,Cdca4,1,1.0
E2f2,Map3k5,1,1.0
E2f3,Map3k5,1,1.0
E2f4,Cdc6,1,1.0
E2f4,Map3k5,1,1.0
E2f4,Ttk,-1,1.0
E2f4,Cdca4,1,1.0
Ets1,Egr1,1,1.0
Ets1,Myb,1,1.0
Ar,Prkcd,1,1.0
Ets1,Vwf,1,1.0
Egr1,Sod1,1,1.0
Ets1,Foxd1,1,1.0
Hlf,Dbp,1,1.0
Ets2,Icam1,1,1.0
E2f4,Ccnd1,1,1.0
Thrb,Cga,-1,1.0
Sp3,Lcat,1,1.0
Twist1,Nr2f1,1,1.0
Usf1,Gck,1,1.0
Cebpa,S100a9,1,1.0
Jun,Il5ra,1,1.0
Hif1a,Aldoa,1,1.0
Srebf1,Fdft1,1,1.0
Yy1,Ctcf,1,1.0
Creb1,Cd4,1,1.0
Tp53,Wrn,-1,1.0
Ets1,Anpep,1,1.0
Hnf4a,Afp,1,1.0
Myc,Rcc1,1,1.0
Tal1,Aldh1a2,1,1.0
E2f4,Cdc25a,1,1.0
Spi1,Cxcr1,1,1.0
Etv4,Agtr1a,1,1.0
Nr5a2,Cyp11b2,1,1.0
Gabpa,Tomm70,1,1.0
Myc,Eif4b,1,1.0
Myc,Fasn,1,1.0
Myc,Gtf2h2,-1,1.0
Myc,Hnrnpa1,1,1.0
Myc,Hnrnpa2b1,1,1.0
Myc,Hspa8,1,1.0
Myc,Hspe1,1,1.0
Myc,Lta4h,1,1.0
Myc,Mettl1,1,1.0
Myc,Mgst1,1,1.0
Myc,Msn,-1,1.0
Myc,Mst1,-1,1.0
Myc,Mthfd1,1,1.0
Myc,Nap1l1,1,1.0
Myc,Phb1,1,1.0
Myc,Slc25a3,1,1.0
Myc,Ppat,1,1.0
Myc,Ppid,1,1.0
Myc,Ptpa,-1,1.0
Myc,Cdc25c,1,1.0
Myc,Ccnb1,1,1.0
Myc,Zfp36l1,-1,1.0
Myc,Apex1,1,1.0
Gata1,Cybb,1,1.0
Gata2,Cybb,-1,1.0
Gata2,Myc,1,1.0
Gata2,Wt1,1,1.0
Gata3,Cd8a,1,1.0
Gata3,Cd40lg,1,1.0
Gata3,Epo,-1,1.0
Nr3c1,Atp1b1,-1,1.0
Hnf4a,Akr1c6,1,1.0
Vdr,Hoxa10,1,1.0
Hnf4a,Fabp2,1,1.0
Hnf4g,Akr1c6,1,1.0
Irf8,Cybb,1,1.0
Irf1,Cybb,1,1.0
Junb,Ptgs2,1,1.0
Smad4,Bglap,1,1.0
Smad4,Bglap3,1,1.0
Smad4,Bglap2,1,1.0
Maf,Itgb7,1,1.0
Myc,Aldh9a1,-1,1.0
Hnf4a,Gfer,-1,1.0
Myc,Rarb,-1,1.0
Spi1,Rnase2b,1,1.0
Ets2,Chrne,1,1.0
Spi1,Fcer1a,1,1.0
Usf1,Ctsd,1,1.0
Usf1,B2m,1,1.0
Rel,Csf2,1,1.0
Twist2,Srpx,-1,1.0
Jun,Penk,1,1.0
Tp53,Ckm,1,1.0
Nfkb1,Sele,1,1.0
Pou1f1,Ghr,1,1.0
Nfkb2,Selp,1,1.0
Egr1,Myb,-1,1.0
Erf,Ets2,-1,1.0
Twist2,Nr2f1,1,1.0
Gata4,Il5,1,1.0
Rara,Icam1,1,1.0
Hnf1a,Igfbp1,1,1.0
Tfdp1,Pcna,1,1.0
Wt1,Igf1,-1,1.0
Tfap2a,Nr3c1,1,1.0
Gata2,Ms4a2,1,1.0
Egr1,Ache,1,1.0
Gata2,Fcer1a,1,1.0
Sox9,Rgr,1,1.0
Nfkb1,Cdk4,1,1.0
Esr1,Plac1,1,1.0
Hif1a,Bax,1,1.0
Stat3,S100a11,1,1.0
Mycn,Mxi1,-1,1.0
Vdr,Calb1,1,1.0
Usf2,Slc19a1,1,1.0
Usf2,Pdx1,1,1.0
Gata2,Ar,1,1.0
Usf2,Cxcr4,1,1.0
E2f1,Uhrf1,1,1.0
Ar,Rela,-1,1.0
Rela,Ar,-1,1.0
Usf2,Ctsd,1,1.0
Usf2,Cd2,1,1.0
Usf2,B2m,1,1.0
Foxm1,Cdc6,1,1.0
Tp53,Pias3,-1,1.0
Usf2,Atp5f1a,1,1.0
Jun,Rhob,1,1.0
Twist2,Mmp2,1,1.0
Cebpb,Tnfaip6,1,1.0
Hnf1a,Proc,-1,1.0
Sp1,Vamp2,1,1.0
Srebf1,Fdps,1,1.0
Tfdp1,Mybl2,1,1.0
Etv4,Vim,1,1.0
Erg,Vim,1,1.0
Ets1,Met,1,1.0
Nfic,Proc,1,1.0
Foxm1,Cyp7a1,1,1.0
Jun,Tnc,1,1.0
Rela,Tnc,1,1.0
Stat2,Irf1,1,1.0
Tfap2a,Hsd17b1,-1,1.0
Egr1,Cd19,1,1.0
Tp53,Tyms,-1,1.0
Twist1,Timp1,-1,1.0
Twist1,Srpx,-1,1.0
Cebpa,Itgax,1,1.0
Sp1,Mip,1,1.0
Tfap2a,Mip,1,1.0
Tfap2a,Hoxa4,-1,1.0
Stat5b,Fcgr1,1,1.0
Gata1,Epo,1,1.0
Sp1,Mpo,1,1.0
Gata1,Wt1,1,1.0
Nr2f1,Epo,-1,1.0
Rela,F3,1,1.0
Myb,Lck,1,1.0
Sp1,Ldha,1,1.0
Sp1,Spn,1,1.0
Pax8,Ncam1,1,1.0
Atf2,Tgfb2,-1,1.0
Nfkb1,Csf2,1,1.0
Cebpb,Adm,1,1.0
Etv4,Ets1,1,1.0
Cebpa,Insr,1,1.0
Cebpa,Apob,1,1.0
Pax8,Wt1,1,1.0
Foxa1,Apob,1,1.0
Pax8,Tp53,-1,1.0
Tfap2a,Ache,-1,1.0
Jun,Itgax,1,1.0
Irf1,Eif2ak2,1,1.0
Pax5,Xbp1,-1,1.0
Sp1,Cdk1,1,1.0
Myc,Rfc2,1,1.0
Myc,Rpl3,1,1.0
Myc,Rpl10,1,1.0
Bcl6,Hdac7,-1,1.0
Bcl6,Irf4,-1,1.0
Tcf7l2,Ctnnb1,1,1.0
Tcf7l2,Birc5,1,1.0
Tcf7l2,Abcb1a,1,1.0
Tcf4,Vim,1,1.0
Cebpa,Hspa4,1,1.0
Cebpa,Igf1,1,1.0
Cebpa,Saa2,1,1.0
Cebpa,Saa1,1,1.0
Cebpa,Serpinc1,1,1.0
Cebpb,Csf3r,1,1.0
Cebpb,Csrp1,1,1.0
Cebpb,Furin,1,1.0
Tcf4,Nrxn1,1,1.0
Cebpb,Slc10a1,1,1.0
Cebpd,Pou5f1,1,1.0
Tcf4,Ccnd1,1,1.0
Tcf4,Abcb1a,1,1.0
Tcf7l2,Stat3,1,1.0
Cebpe,Ctsg,1,1.0
Tfap2a,Crabp2,1,1.0
Atf6,Rtn3,1,1.0
Tp53,Tcf7l2,-1,1.0
Tp53,Tbxas1,-1,1.0
Tp53,Sstr2,-1,1.0
Tp53,Ptpa,-1,1.0
Tp53,Fgf2,-1,1.0
Atf1,Ccna1,-1,1.0
Tp53,E2f7,1,1.0
Atf1,Map1lc3b,1,1.0
Atf1,Pcsk1,1,1.0
Atf1,Slc20a1,1,1.0
Tp53,E2f3,-1,1.0
Tp53,Apcs,1,1.0
Tfdp1,Tyms,1,1.0
Tfdp1,Rrm1,1,1.0
Tfdp1,Cdk1,1,1.0
Tfap2c,Sult1e1,1,1.0
Atf6,Dnajc3,1,1.0
Tfap2c,Crabp2,1,1.0
Tfap2a,Prkca,1,1.0
Tfap2a,Krt5,1,1.0
Cebpe,Gata1,-1,1.0
Cebpe,Myc,-1,1.0
Tcf3,Cdk6,-1,1.0
E2f1,Ctnnbip1,1,1.0
E2f1,Dnmt1,1,1.0
E2f1,Dram1,1,1.0
E2f1,Ercc1,1,1.0
E2f1,Etv4,1,1.0
E2f1,Fanca,1,1.0
E2f1,Fhit,-1,1.0
E2f1,Flt1,1,1.0
E2f1,Kdr,1,1.0
E2f1,Map1lc3a,1,1.0
E2f1,Mcm5,1,1.0
E2f1,Mefv,1,1.0
E2f1,Myb,1,1.0
E2f1,Npat,1,1.0
E2f1,Ptpro,1,1.0
E2f1,Rasgef1b,1,1.0
E2f1,Rasgrp1,1,1.0
E2f1,Rrm1,1,1.0
E2f1,Rrm2,1,1.0
Stat3,Csrp1,1,1.0
E2f1,Casp7,1,1.0
E2f1,Aurka,1,1.0
Dnmt1,Timp3,-1,1.0
Tcf3,Bbc3,-1,1.0
Tbx5,Cdkn2a,1,1.0
Tbp,Fus,-1,1.0
Tal1,Erg,1,1.0
Tal1,Cd34,-1,1.0
Creb1,Slc20a1,1,1.0
Stat6,Fos,1,1.0
Creb3l1,Slc1a4,-1,1.0
Stat5b,Bcl6,1,1.0
Tp63,Tcf4,1,1.0
Stat4,Socs3,-1,1.0
Crem,Dusp1,-1,1.0
Stat3,Myd88,1,1.0
Stat3,Ltbp1,-1,1.0
Stat3,Il2ra,1,1.0
Stat3,Ifnar1,1,1.0
Stat3,Hspb1,1,1.0
Stat3,Hmox1,1,1.0
Stat3,Fas,-1,1.0
Dnmt1,Msh2,1,1.0
Stat3,Zfp36,1,1.0
Twist1,Fos,1,1.0
Ar,Cdh2,1,1.0
Twist1,Mmp2,1,1.0
Mycn,Ctsd,1,1.0
Mycn,Mcm2,1,1.0
Mycn,Mcm3,1,1.0
Mycn,Mcm4,1,1.0
Mycn,Mcm5,1,1.0
Mycn,Mcm6,1,1.0
Mycn,Mcm7,1,1.0
Mycn,Mcm8,1,1.0
Nfil3,Il1b,-1,1.0
Nfkb1,Bcl2a1,1,1.0
Nfkb1,Brca2,1,1.0
Nfkb1,Cd40lg,1,1.0
Nfkb1,Col1a2,-1,1.0
Nfkb1,Irf7,1,1.0
Nfkb1,Ccl11,1,1.0
Ybx1,Agt,1,1.0
Otx2,Rbp3,1,1.0
Plag1,Abcc6,1,1.0
Pou2f1,Lct,1,1.0
Myc,Dpy30,1,1.0
Myc,Nol7,1,1.0
Myc,Gnl3,1,1.0
Myc,Cct5,1,1.0
Myc,Rpl19,1,1.0
Myc,Rpl22,1,1.0
Myc,Rpl26,1,1.0
Myc,Rpl27,1,1.0
Myc,Rps16,1,1.0
Myc,Rps19,1,1.0
Myc,Smn1,1,1.0
Myc,Snrpb,1,1.0
Myc,Tyms,1,1.0
Pou2f1,Vwf,1,1.0
Myc,Csde1,-1,1.0
Myc,Ybx3,1,1.0
Myc,Psmg1,1,1.0
Myc,Eif3c,1,1.0
Myc,Ddx18,1,1.0
Myc,Nup155,1,1.0
Myc,Thrap3,1,1.0
Myc,Ube2c,1,1.0
Myc,Cbx3,1,1.0
Myc,Exosc8,1,1.0
Myc,Uxt,1,1.0
E2f1,Top2a,1,1.0
Pou4f2,Ccnd1,1,1.0
Rara,Hsd17b2,1,1.0
Stat3,Klf11,1,1.0
Stat6,Ccl17,1,1.0
Tcf7l2,Myc,1,1.0
Tcf7l2,Glce,1,1.0
Tead1,Msln,1,1.0
Tfap2a,Nme3,1,1.0
Usf1,P4ha1,1,1.0
Usf1,Tgfb2,1,1.0
Usf1,Serbp1,1,1.0
Usf2,Ceacam2,1,1.0
Usf2,Ceacam1,1,1.0
Usf2,P4ha1,1,1.0
Usf2,Tgfb2,1,1.0
Vdr,Il10,-1,1.0
Yy1,Fdps,-1,1.0
Zfp202,Abca1,-1,1.0
Cebpz,Col11a1,-1,1.0
Cebpz,Mlh1,-1,1.0
Tcfl5,Cd2,-1,1.0
Srebf2,Mttp,-1,1.0
Sp3,Ltc4s,1,1.0
Sp1,H4c11,1,1.0
Sp1,Thbd,1,1.0
Rara,Nr1i3,1,1.0
Rela,Bcl2a1,1,1.0
Rela,Brca2,1,1.0
Rela,Col1a2,-1,1.0
Rela,Irf7,1,1.0
Rela,Mat2a,1,1.0
Rfx1,Col1a2,1,1.0
Rxra,Cxcr5,1,1.0
Rxra,Hsd17b2,1,1.0
Ppard,Sat1,1,1.0
Rxra,Nol7,1,1.0
Sp1,Gfer,1,1.0
Sp1,Hsd3b3,1,1.0
Sp1,Hsd3b2,1,1.0
Sp1,Hsd3b6,1,1.0
Sp1,Ltc4s,1,1.0
Sp1,Ptgir,1,1.0
Sp1,Skp2,1,1.0
Sp1,Slc19a1,1,1.0
Sp1,Smpd1,1,1.0
Sp1,F10,1,1.0
Myb,Ctsg,1,1.0
Foxo1,Cdkn1c,1,1.0
Esr1,Cyp1a1,-1,1.0
Rela,Ifnb1,1,1.0
E2f1,Hoxb9,1,1.0
Myc,Prdx3,1,1.0
Rela,Vcam1,1,1.0
Rela,Icam1,1,1.0
Nfkb1,Vcam1,1,1.0
Rela,Il2,1,1.0
Nfkb1,Icam1,1,1.0
Ets1,Flt1,1,1.0
Hnf1a,Alb,1,1.0
Cebpe,Spi1,-1,1.0
Spi1,Itgb2,1,1.0
Rela,Il6,1,1.0
Sp1,Bcl2,1,1.0
Usf1,Tert,1,1.0
Esr1,Oxt,-1,1.0
Foxo3,Gadd45a,1,1.0
Pax5,Prdm1,-1,1.0
Lef1,Dct,1,1.0
Nfkb1,Ifnb1,1,1.0
Sp1,Rnls,1,1.0
Sp1,Ugt1a6,1,1.0
Esr1,Cyp19a1,1,1.0
Nr2f2,Hnf4a,-1,1.0
Nfkb1,Bcl2l1,1,1.0
Ppara,Nfkbia,1,1.0
Ctcf,App,1,1.0
E2f4,Slc2a13,1,1.0
E2f1,Tp73,1,1.0
Sp1,Nos3,1,1.0
Ets1,Fli1,1,1.0
Irf8,Ncf2,1,1.0
Myc,Cad,1,1.0
Atf1,Tgfb2,1,1.0
Smad4,Smad7,1,1.0
E2f4,P4ha2,-1,1.0
Cebpb,Cyp19a1,-1,1.0
Smad3,Smad7,1,1.0
Sp1,Tnf,1,1.0
Cebpd,Cyp19a1,-1,1.0
Irf2,Ciita,1,1.0
Creb1,Il10,1,1.0
Pparg,Myc,-1,1.0
Atf1,Il10,1,1.0
Yy1,Irak1,-1,1.0
Mitf,Bcl2,1,1.0
Fli1,Tgfbr2,1,1.0
Sp1,Mmp14,1,1.0
Egr1,Fas,-1,1.0
Egr1,Apoa1,1,1.0
Myc,Ccnd2,1,1.0
Foxa2,Apoa1,1,1.0
E2f1,Pparg,1,1.0
Egr1,Nab2,1,1.0
Sp1,Mmp2,1,1.0
Nr1i3,Ugt1a1,1,1.0
Esr1,Tert,1,1.0
Irf1,Ciita,1,1.0
Yy1,Tp53,1,1.0
E2f1,Ccnd1,1,1.0
Sp1,Cdkn2a,1,1.0
E2f1,Ccne1,1,1.0
Yy1,Mrps24,1,1.0
E2f4,Pparg,-1,1.0
Tp53,Cdk1,-1,1.0
Nr1h4,Fabp6,1,1.0
Srebf2,Sqle,1,1.0
Mef2d,Jun,1,1.0
Yy1,Rnf40,1,1.0
Yy1,Rnf26,1,1.0
Ar,Akt1,1,1.0
E2f3,E2f1,1,1.0
Jun,Gja1,1,1.0
Sp1,Kdr,-1,1.0
Jun,Ddit3,1,1.0
Epas1,Vegfa,1,1.0
Yy1,Rab3gap1,1,1.0
Ppara,Ucp1,-1,1.0
Tfap2a,Cdh1,1,1.0
Yy1,Pak4,1,1.0
Cebpa,Hp,1,1.0
E2f1,Cdkn2c,1,1.0
Mef2c,Jun,1,1.0
Sp1,Cdkn2c,1,1.0
Yy1,NARS1,1,1.0
Tp53,Map4,-1,1.0
Yy1,Wdr82,1,1.0
Sp1,Itgav,-1,1.0
Rela,Bcl2l1,1,1.0
Yy1,Hnrnpl,-1,1.0
Ppara,Fads2,1,1.0
Bmal1,Cry2,1,1.0
Clock,Cry1,1,1.0
Clock,Cry2,1,1.0
Clock,Per2,1,1.0
Ets1,Pthlh,1,1.0
Znf148,Rnls,1,1.0
Sp1,Bsg,1,1.0
Tp53,Mmp2,1,1.0
Usf1,Nup188,1,1.0
Pdx1,Gck,1,1.0
Ets1,Mmp1a,1,1.0
Egr1,Egfr,1,1.0
Myc,Ncl,1,1.0
Nfic,Tfap2a,1,1.0
Sp1,Ier3,1,1.0
Sp1,Abcc3,1,1.0
Irf7,Ifnb1,1,1.0
Tp53,Hnf4a,-1,1.0
Mitf,Acp5,1,1.0
Tp53,Klk1,-1,1.0
Tp53,Gdf15,1,1.0
Foxo4,Bcl6,1,1.0
Rest,Bdnf,-1,1.0
Egr1,Pten,1,1.0
Pou2f1,Il2,1,1.0
Pou2f1,Il4,-1,1.0
Tp53,Klk1b26,-1,1.0
Tp53,Klk1b8,-1,1.0
Smad1,Spp1,1,1.0
Tp53,Klk1b9,-1,1.0
Tp53,Klk1b1,-1,1.0
Tp53,Klk1b11,-1,1.0
Tp53,Klk1b27,-1,1.0
Tp53,Klk1b22,-1,1.0
Tp53,Klk1b21,-1,1.0
Tp53,Klk1b5,-1,1.0
Tp53,Klk1b16,-1,1.0
Tp53,Klk1b3,-1,1.0
Tp53,Klk1b24,-1,1.0
Tp53,Klk1b4,-1,1.0
Creb1,Cyp19a1,1,1.0
Tp53,Ddb2,1,1.0
Nr2f1,Cyp19a1,-1,1.0
Max,Serf2,1,1.0
E2f1,Cdkn2a,1,1.0
Sp1,Met,1,1.0
Myb,Ccna1,1,1.0
Snai2,Cdh1,-1,1.0
Hif1a,Serpine1,1,1.0
Gata2,Htr5a,1,1.0
Gata2,Gpr146,1,1.0
Gata2,Foxo3,1,1.0
Creb1,Ifng,1,1.0
Mitf,Tyr,1,1.0
Gata2,Ctsh,1,1.0
Gata2,Ccrl2,1,1.0
Crem,Il2,-1,1.0
Maf,Il4,1,1.0
Atf4,Asns,1,1.0
Gata2,Arrdc4,1,1.0
Gata2,Amotl1,1,1.0
Vdr,Egfr,-1,1.0
Gata2,Fdps,1,1.0
Srebf1,Acaca,1,1.0
Gata2,Icam4,1,1.0
Gata2,Lyl1,1,1.0
Gata2,Vwa5a,1,1.0
Usf1,Abca1,1,1.0
Usf2,Abca1,1,1.0
Wt1,Igf2,-1,1.0
Egr1,Igf2,1,1.0
Tp53,Tp63,-1,1.0
Hnf4a,G6pc1,1,1.0
Tp53,Ctsd,1,1.0
Ar,Cdkn1a,1,1.0
Sp1,Cyp27a1,1,1.0
Sp3,Cyp27a1,1,1.0
Wt1,Tert,-1,1.0
Gata2,Tnfaip8l1,1,1.0
E2f3,Cdkn2a,1,1.0
Smad3,Cdkn1a,1,1.0
Gata2,Psd4,1,1.0
Tp53,Brca1,-1,1.0
Gata2,Ppp1r15a,1,1.0
E2f1,Ccna2,1,1.0
Stat3,Bcl2l1,1,1.0
Pou2f1,Vcam1,-1,1.0
Yy1,Mrpl46,1,1.0
Yy1,Manf,1,1.0
Cebpa,Cdkn1a,1,1.0
Tp53,Mgmt,-1,1.0
Pparg,Retn,1,1.0
Ctcf,Mrpl17,1,1.0
Esr1,E2f1,1,1.0
Sp1,Slc25a5,1,1.0
Nr0b1,Nr5a1,-1,1.0
Zeb2,Cdh1,-1,1.0
Yy1,Mrps18b,-1,1.0
Ctcf,Mcm10,1,1.0
Ctcf,Lrrc59,1,1.0
E2f1,Atm,1,1.0
Nr5a1,Nr0b1,1,1.0
Myc,Hspa4,1,1.0
Sp1,Cat,1,1.0
Pitx2,Fshb,1,1.0
Hif1a,Tfrc,1,1.0
Smad4,Fshb,1,1.0
Ctcf,Mb,1,1.0
Spi1,Il1b,1,1.0
Yy1,Mrps10,-1,1.0
Spi1,Fpr1,-1,1.0
Egr1,Chga,1,1.0
Ctcf,Nfe2l2,1,1.0
Sp1,Tbxa2r,1,1.0
Cebpb,Il1b,1,1.0
Rela,Ccnd1,1,1.0
Nfkb1,Ccnd1,1,1.0
Hnf1a,Ugt1a1,1,1.0
E2f1,Pcna,1,1.0
Nfkb1,Egfr,1,1.0
Ets1,Csf2,1,1.0
Ctcf,Nes,1,1.0
Ctcf,Ncbp3,1,1.0
Ctcf,Nbn,1,1.0
Nr5a1,Cyp11a1,1,1.0
Srebf2,Ldlr,1,1.0
Ctcf,Myd88,1,1.0
Pax5,Blk,-1,1.0
Hes1,Ptgds,-1,1.0
Yy1,Mkln1,-1,1.0
Ctcf,Lpin3,1,1.0
Ctcf,Plxnb3,1,1.0
Egr1,Il2,1,1.0
Fos,Myc,-1,1.0
Pparg,Cd36,1,1.0
Egr1,Mmp14,1,1.0
Ets2,Pthlh,1,1.0
E2f1,Cdk1,1,1.0
Egr1,Col2a1,-1,1.0
Ctcf,Hebp2,1,1.0
Stat5a,Osm,1,1.0
Ctcf,Grin3a,1,1.0
Jun,Ifng,1,1.0
Ets2,Csf2,1,1.0
Ctcf,Galt,1,1.0
Sp1,Lep,1,1.0
Cebpb,Insr,1,1.0
Sp1,Insr,1,1.0
Ctcf,Galnt6,1,1.0
Ctcf,Fbxo7,1,1.0
Tp53,Nme1,1,1.0
Egr1,Cd44,1,1.0
Nr0b1,Nr1h4,-1,1.0
Ctcf,Hmcn1,1,1.0
E2f1,Ccnd3,1,1.0
Cebpb,Il6,1,1.0
Cebpb,Hp,1,1.0
Ctcf,Ksr1,1,1.0
Ctcf,Il19,1,1.0
Rela,Cd86,1,1.0
Yy1,Ifnb1,-1,1.0
Klf6,Nos2,1,1.0
Hnf4a,Myc,1,1.0
Tp53,Brca2,-1,1.0
Rela,Ccl5,1,1.0
Ctcf,Hspa5,1,1.0
Yy1,Pbdc1,-1,1.0
Hsf1,Hspa4,1,1.0
Tp53,Thbs1,1,1.0
Ets1,Mgat5,1,1.0
Ets1,Parp1,1,1.0
Pax5,Cd79a,1,1.0
Ctcf,Hs1bp3,1,1.0
Ets1,Pf4,1,1.0
Gata1,Pf4,1,1.0
Max,Odc1,1,1.0
Rela,Plau,1,1.0
Tp53,Sfn,1,1.0
Ctcf,Pmpcb,1,1.0
Stat3,Junb,1,1.0
Usf1,Pklr,1,1.0
Tfap2a,Slc19a1,1,1.0
Egr1,Ldlr,1,1.0
Usf1,Serpine1,1,1.0
Yy1,Ccdc43,1,1.0
Yy1,Atxn10,1,1.0
Foxo3,Tnfsf10,1,1.0
Yy1,Cdk5rap2,1,1.0
Foxo1,Tnfsf10,1,1.0
Fli1,Gp6,1,1.0
Gata1,Gp6,1,1.0
Sp1,Taf7,1,1.0
Yy1,Actr5,1,1.0
Ctcf,Tysnd1,1,1.0
Ctcf,Tsfm,1,1.0
Hif1a,Nt5e,1,1.0
Sp1,Lhcgr,1,1.0
Bach1,Hmox1,-1,1.0
Nfkb1,Irf4,1,1.0
Hif1a,Lep,1,1.0
Yy1,Coq5,1,1.0
Yy1,Hsf1,1,1.0
Pitx1,Fshb,1,1.0
Stat3,Ccnd1,1,1.0
Hif1a,Ca9,1,1.0
Tp53,Atf3,1,1.0
Esr1,Ccnd1,1,1.0
Wt1,Igf1r,-1,1.0
Esr1,Crh,-1,1.0
Yy1,Hacd2,1,1.0
Pax8,Tg,-1,1.0
Tp53,Slc6a6,-1,1.0
Tfap2c,Esr1,1,1.0
Yy1,Dlg1,1,1.0
Yy1,Cpsf2,1,1.0
Sp1,Ccnd1,1,1.0
Cebpa,Hamp,1,1.0
Nfkb1,Nod2,1,1.0
Yy1,Coq9,1,1.0
Sp1,Cd14,1,1.0
Stat4,Prf1,1,1.0
Sp1,Adipoq,1,1.0
Ctcf,Trappc6a,1,1.0
Pou2f1,Ccnd1,1,1.0
Nfkb1,Il1rn,1,1.0
Ctcf,Prss35,1,1.0
Yy1,Micu2,-1,1.0
Ctcf,Pprc1,1,1.0
Ctcf,Ppard,1,1.0
Ctcf,Pou1f1,1,1.0
Ctcf,Pomt2,1,1.0
E2f1,Mycn,1,1.0
E2f2,Mycn,1,1.0
E2f3,Mycn,1,1.0
Creb1,Jun,-1,1.0
Tp53,Vcan,1,1.0
Mitf,Snai2,1,1.0
Wt1,Mycn,-1,1.0
Ets2,Psen1,1,1.0
Rela,Ccl12,1,1.0
Jun,Pgr,-1,1.0
Rel,Ccl12,1,1.0
Lef1,Cdx1,1,1.0
Ctcf,Ptpa,1,1.0
Ctcf,Myc,-1,1.0
Hes1,Dbf4,1,1.0
Rel,Birc3,1,1.0
Stat3,Birc5,1,1.0
Bmal1,Bhlhe40,1,1.0
E2f1,Rb1,1,1.0
Nfic,Cyp1a1,-1,1.0
Nfkb1,Tnf,1,1.0
Clock,Bhlhe40,1,1.0
Clock,Bhlhe41,1,1.0
Tp53,Pttg1,1,1.0
Sp1,Pttg1,1,1.0
Cdx2,Cdh17,1,1.0
Ctcf,Tnfrsf18,-1,1.0
Rel,Sele,1,1.0
Rela,Tnf,1,1.0
Ctcf,Tmbim6,1,1.0
E2f2,Cdc6,1,1.0
E2f3,Cdc6,1,1.0
Ctcf,Smim7,1,1.0
E2f1,Cdc6,1,1.0
Pax3,Mitf,1,1.0
Ctcf,Rpp30,1,1.0
Tp53,E2f1,-1,1.0
Hnf4a,Cyp7a1,-1,1.0
Rela,Ccl20,1,1.0
Esr1,Krt19,1,1.0
Sp1,Polb,-1,1.0
Tp53,Serpinb5,1,1.0
E2f4,Cdk1,1,1.0
E2f1,Serpine1,-1,1.0
Nfkb1,Crp,1,1.0
Nfkb1,Il1b,1,1.0
Jun,Nqo1,-1,1.0
Myb,Bcl2,1,1.0
Nfe2l2,Nqo1,1,1.0
Fos,Mmp1a,1,1.0
Tp53,Cav1,1,1.0
Vdr,Bglap2,1,1.0
Vdr,Bglap3,1,1.0
Vdr,Bglap,1,1.0
Nr5a1,Amh,1,1.0
Yy1,Afg1l,-1,1.0
Cdx2,Lct,1,1.0
Sp1,Plaur,1,1.0
Spi1,Gata1,1,1.0
Bmal2,Serpine1,1,1.0
Nr5a1,Pou5f1,1,1.0
Gata2,Sgk1,-1,1.0
Gata2,Nos3,1,1.0
Atf3,Sele,-1,1.0
Sp1,Alox12,1,1.0
Smad3,Tgfb1,-1,1.0
Nfkb1,Il6,1,1.0
Sp1,Cd44,1,1.0
Jun,Atf3,1,1.0
Atf2,Atf3,1,1.0
Tp53,Rrm2b,1,1.0
Sp1,Hspa1a,1,1.0
Cebpb,Cdkn1a,1,1.0
Gata2,Pnpla8,-1,1.0
Klf12,Tfap2a,-1,1.0
Hif1a,Tp53,1,1.0
Tfap2a,Vegfa,1,1.0
Stat4,Myc,1,1.0
Irf1,Ifnb1,1,1.0
Cebpb,Il4,1,1.0
Atf2,Pck1,1,1.0
Prdm1,Myc,-1,1.0
Wt1,Vdr,1,1.0
Sp1,Sod2,-1,1.0
Nfkb1,Cftr,1,1.0
Rela,Cftr,1,1.0
Rela,Il1b,1,1.0
Stat6,Alox15,1,1.0
Rela,Myc,1,1.0
Myb,Mat2a,1,1.0
Gata2,Apex1,-1,1.0
Creb1,Psen1,1,1.0
Srebf2,Fdft1,1,1.0
Sp1,Tp53,1,1.0
Usf1,S100a6,1,1.0
Hif1a,Slc2a1,1,1.0
Stat3,Bcl6,1,1.0
Tp53,Hras,-1,1.0
Tp53,Nos2,-1,1.0
Esr1,Tgfa,1,1.0
Nr1h3,Apoe,1,1.0
Nr1h3,Abcg1,1,1.0
Nfe2l2,Gclc,1,1.0
Tp53,Fas,1,1.0
Prdm1,Ciita,-1,1.0
Creb1,Ptgs2,1,1.0
Foxa1,Sftpb,1,1.0
Hes1,Ascl1,-1,1.0
Nfkb1,Mmp9,1,1.0
Nfkb1,Nfkbia,1,1.0
Rela,Mmp9,1,1.0
Rela,Nfkbia,1,1.0
Sp1,Mmp9,1,1.0
Tbx2,Cdkn2a,-1,1.0
Gata2,Gulp1,-1,1.0
Wt1,Egfr,-1,1.0
Jun,Ptgs2,1,1.0
Sp3,Alpl,1,1.0
Mitf,Kit,1,1.0
Gata2,Efcab2,-1,1.0
Nfkb1,Ptgs2,1,1.0
Rela,Ptgs2,1,1.0
Usf1,Hoxb4,1,1.0
Usf2,Hoxb4,1,1.0
Gata2,Ccm2,-1,1.0
Yy1,Atp13a1,-1,1.0
Tp53,Chek1,-1,1.0
Zeb1,Cdh1,-1,1.0
Ets1,Psen1,1,1.0
Stat3,Socs1,1,1.0
Sp1,Vegfa,1,1.0
Irf1,Socs1,1,1.0
Spi1,Cd40,1,1.0
Spib,Cd40,1,1.0
Sp1,Ptgs2,1,1.0
Nr2e1,Pax2,-1,1.0
Tp53,Cd82,1,1.0
Junb,Egfr,1,1.0
Sp1,Egfr,-1,1.0
Wt1,Cdh1,-1,1.0
Creb1,Bcl2,1,1.0
Klf4,Cdkn1a,1,1.0
Hif1a,Adm,1,1.0
Bmal1,Per1,1,1.0
Clock,Per1,1,1.0
Atf2,Ifnb1,1,1.0
Irf3,Ifnb1,1,1.0
Rela,Serpine1,1,1.0
Jun,Egfr,1,1.0
Srebf2,Acly,1,1.0
Srebf1,Acly,1,1.0
Sp1,Tgfbr2,1,1.0
Sp1,Col1a2,1,1.0
Hnf1a,G6pc1,1,1.0
Irf1,Psmb9,1,1.0
Tbx21,Ifng,1,1.0
Sp1,Ar,1,1.0
Sp1,Tnnc1,1,1.0
Tp53,Dkk1,1,1.0
Ppara,Acsl1,-1,1.0
Sp1,Vim,1,1.0
Tfdp1,Ccne1,1,1.0
Tp53,Tert,-1,1.0
Sp1,Tert,1,1.0
Jun,Mmp13,1,1.0
Jund,Mmp13,1,1.0
Egr1,Fn1,1,1.0
Sp1,Tnfrsf8,1,1.0
Egr2,Faslg,-1,1.0
Nr2e1,Plce1,-1,1.0
Ets1,Csnk2a1,1,1.0
Yy1,Myc,1,1.0
Sp1,Csnk2a1,1,1.0
Tfap2a,Hgf,-1,1.0
Stat3,Il10,1,1.0
Myc,Faslg,1,1.0
Tp53,Perp,-1,1.0
Atf2,Ins2,1,1.0
Tp53,Vegfa,-1,1.0
Myc,Gadd45a,-1,1.0
Jun,Mmp1a,1,1.0
E2f1,Tyms,1,1.0
Gata2,Tgfb2,-1,1.0
Sp1,Itgad,1,1.0
Sp3,Itgad,1,1.0
Sp1,Rela,1,1.0
Jun,Ccl12,1,1.0
Sp1,Star,1,1.0
Nfkb1,Csf1,1,1.0
Hif1a,Bnip3,1,1.0
Fos,Mmp9,1,1.0
Sox10,Mitf,1,1.0
E2f1,Mdm2,-1,1.0
Spi1,Tlr4,1,1.0
Stat3,Gfap,1,1.0
Wt1,Amh,1,1.0
Tp53,Bdkrb2,1,1.0
Cebpa,Pparg,1,1.0
Esr1,Vegfa,1,1.0
Max,Nprl3,-1,1.0
Myc,Thbs1,-1,1.0
Sp1,Utrn,1,1.0
Hnf1a,Slc2a2,1,1.0
Pax3,Bcl2l1,1,1.0
Hoxa5,Pgr,1,1.0
Stat3,Crp,1,1.0
Lef1,Mitf,1,1.0
Cebpb,Crp,1,1.0
Tp53,Abcb1a,-1,1.0
Sp1,Serpine1,1,1.0
Pax4,Ins2,-1,1.0
Sp1,Pgr,1,1.0
Esr1,Pgr,1,1.0
Stat3,Vegfa,1,1.0
Pgr,Esr1,1,1.0
Nr1h3,Abca1,1,1.0
Nkx2-1,Sftpb,1,1.0
Sp1,Il10,1,1.0
Tfdp1,Dhfr,1,1.0
Nfya,Sp3,1,1.0
Ctcf,Gpr156,-1,1.0
Egr1,Ccnd1,1,1.0
Egr1,Cdkn1a,1,1.0
Ctcf,Esrp2,-1,1.0
Ar,Jun,1,1.0
Yy1,Cep43,-1,1.0
Myc,Ccne1,1,1.0
Ets1,Abcb1a,1,1.0
Sox9,Cdkn1a,1,1.0
Sp1,Igfbp3,1,1.0
Stat5b,Igf1,1,1.0
Ctcf,Epx,1,1.0
Cdx2,Klf4,1,1.0
Tp53,Hipk2,1,1.0
Pparg,Adipoq,1,1.0
Nfkb1,Fn1,-1,1.0
Rela,Fn1,-1,1.0
Sp3,Igfbp3,1,1.0
Sp1,Gstp2,1,1.0
Sp1,Gstp1,1,1.0
Egr1,Cat,1,1.0
Sp1,Agtr1a,1,1.0
Tfap2a,Cdkn1a,1,1.0
Ctcf,Nt5c3a,-1,1.0
Spi1,Acp5,1,1.0
Sp1,Mat2a,1,1.0
Ctcf,Npc1,-1,1.0
Sp1,Ca9,1,1.0
Stat3,Bcl2,1,1.0
Ctcf,Mmp10,-1,1.0
E2f1,Tert,-1,1.0
Bmal1,Cry1,1,1.0
Bmal1,Per2,1,1.0
Sp1,Col2a1,1,1.0
Sp3,Col2a1,1,1.0
Esr1,F12,1,1.0
Tp53,Bbc3,1,1.0
Nfkb1,Fas,1,1.0
Smad3,Pthlh,1,1.0
Ctcf,Haus7,-1,1.0
Hnf4a,Cyp8b1,1,1.0
Rela,Csf2,1,1.0
Sox10,Dct,-1,1.0
Tp53,Egfr,1,1.0
Sp1,Oprm1,1,1.0
Sp3,Oprm1,1,1.0
Stat3,Fos,1,1.0
Ctcf,Arl2,-1,1.0
Creb1,Il6,1,1.0
Cebpb,Ptgs2,1,1.0
Egr1,Ace,1,1.0
Tp53,Bcl2l1,1,1.0
Tp53,Tgfa,1,1.0
Tp53,Birc5,-1,1.0
Ets1,Ece1,1,1.0
Jun,Fas,1,1.0
Sox10,Gjb1,-1,1.0
Ctcf,Aldh1a3,-1,1.0
Ctcf,Akt1,-1,1.0
Rbpj,Hey2,1,1.0
Ctcf,Actr3,-1,1.0
Rara,Rarb,1,1.0
Mef2a,Slc2a4,1,1.0
Tp53,Epha2,1,1.0
Cebpb,Sftpd,1,1.0
Cebpa,Sftpd,1,1.0
Klf4,Lama3,1,1.0
Tbx5,Nppa,1,1.0
Usf2,Top3a,1,1.0
Tp53,Chuk,-1,1.0
E2f1,Bcl2,1,1.0
Sp1,Hras,1,1.0
Nfkb1,Bcl2,1,1.0
Tp53,Afp,-1,1.0
Foxm1,Ccnb1,1,1.0
Tfap2a,Erbb2,1,1.0
Yy1,Dnaja3,-1,1.0
Sp1,Ccl12,1,1.0
Pax8,Slc5a5,1,1.0
Sp1,Pax6,1,1.0
Ctcf,Commd2,-1,1.0
Rest,Grin1,-1,1.0
Ppara,Lpl,1,1.0
Ctcf,Bcl2l14,-1,1.0
Cebpg,Sftpd,1,1.0
Tp53,Pten,-1,1.0
Tp53,Apaf1,1,1.0
E2f1,Apaf1,1,1.0
Rela,Bcl3,1,1.0
Sp3,Utrn,1,1.0
Creb1,Il2,1,1.0
Spi1,Cybb,1,1.0
Usf1,Apc,1,1.0
Usf2,Apc,1,1.0
Jun,Nos2,1,1.0
Sp1,Gja1,1,1.0
Sox9,Amh,1,1.0
Mitf,Tyrp1,1,1.0
Usf1,Cyp1a1,-1,1.0
Nfe2l2,Hmox1,1,1.0
Esr1,Cdkn1a,1,1.0
Tp53,Casp1,1,1.0
Pparg,Ptgs2,-1,1.0
Hnf1a,Pdx1,1,1.0
E2f6,Depdc5,-1,1.0
E2f4,Pclaf,-1,1.0
E2f4,Luc7l,-1,1.0
Etv4,Ptgs2,1,1.0
Jun,Plaur,1,1.0
Sp1,Cdkn1b,1,1.0
Hnf4a,Apob,1,1.0
Etv4,Mmp7,1,1.0
Stat3,Mcl1,1,1.0
Sp1,Ccnd2,1,1.0
Stat5a,Ccnd2,-1,1.0
Rel,Il6,-1,1.0
Cebpb,Igf2,1,1.0
Sp1,Igf2,1,1.0
Sp1,Ctsd,1,1.0
Gata2,Epo,-1,1.0
Ppara,Cpt1a,-1,1.0
Esr1,Hspb1,1,1.0
Etv4,Erbb2,-1,1.0
Creb1,Plat,-1,1.0
Atf2,Plat,1,1.0
Jun,Vegfa,-1,1.0
Pou2f1,Gadd45a,1,1.0
Egr1,Pdgfb,1,1.0
Snai1,Cdh1,-1,1.0
Ets1,Cip2a,1,1.0
E2f4,Katnal1,-1,1.0
Hif1a,Edn1,1,1.0
Jun,Il12b,1,1.0
Srf,Tagln,1,1.0
Smad3,Bglap3,1,1.0
Smad3,Bglap2,1,1.0
Mitf,Ctsk,1,1.0
Ctcf,Stab2,-1,1.0
Jund,Il6,1,1.0
Ctcf,S100z,-1,1.0
Tfap2a,Taf7,1,1.0
Cebpa,Lep,1,1.0
Myc,Cebpa,-1,1.0
Cebpa,Myc,-1,1.0
Sp1,Col1a1,-1,1.0
Sp1,Timp1,1,1.0
Usf1,Ptgs2,-1,1.0
Ctcf,Rbms3,-1,1.0
Pax5,Cd19,1,1.0
Rela,Nfkb1,1,1.0
Ctcf,Rbm39,-1,1.0
Creb1,Bdnf,1,1.0
Pparg,Pten,1,1.0
Smad3,Bglap,1,1.0
Cebpa,Csf3r,1,1.0
Nrl,Rho,-1,1.0
Usf1,Top3a,1,1.0
E4f1,Ccna2,-1,1.0
Myc,Cdkn2b,-1,1.0
Hnf1a,Akr1c6,1,1.0
Nr1h2,Srebf1,1,1.0
Nr1h3,Srebf1,1,1.0
Pparg,Ccnd1,-1,1.0
Fos,Ccnd1,-1,1.0
Myb,Cd4,-1,1.0
E2f4,Ikbkg,-1,1.0
Sp1,Cdk6,-1,1.0
Wt1,Ar,-1,1.0
Tp53,Dnmt1,-1,1.0
Foxa2,Pdx1,1,1.0
Mitf,Dct,1,1.0
Ctcf,Znhit2,-1,1.0
Stat3,A2m,1,1.0
Ctcf,Znf462,-1,1.0
Jun,Nr3c1,1,1.0
Jun,Mmp9,1,1.0
Yy1,Top3a,1,1.0
E2f1,Tp53,1,1.0
Hoxa10,Igfbp1,1,1.0
Irf4,Cd68,-1,1.0
Smad4,Bambi,1,1.0
Jun,Ccl5,1,1.0
Irf1,Tnfsf10,1,1.0
Usf1,Hmox1,1,1.0
Usf2,Hmox1,1,1.0
Egr1,Fgf2,1,1.0
Egr1,Pdgfc,1,1.0
Hif1a,Id2,1,1.0
Rela,Cd40,1,1.0
Hif1a,Rora,1,1.0
Jund,Myb,1,1.0
Lhx3,Fshb,1,1.0
E2f1,Birc5,1,1.0
Tp53,Aifm2,1,1.0
E2f4,Mcm5,1,1.0
E2f4,Jun,1,1.0
Fli1,Igfbp3,-1,1.0
Gata4,Nppa,1,1.0
Jun,Myb,1,1.0
E2f4,Gmnn,1,1.0
Smad3,Bambi,1,1.0
Rela,Ifng,1,1.0
Nr4a1,Hsd3b1,1,1.0
Myc,Cdk4,1,1.0
Tp53,Ezh2,-1,1.0
Jun,Mmp2,1,1.0
Rela,Nos2,1,1.0
Tp53,Ccnd1,-1,1.0
E2f4,Pold1,1,1.0
Esr2,Serpine1,-1,1.0
Jun,Ren1,1,1.0
Esr1,Serpine1,1,1.0
Jun,Gnrhr,1,1.0
Myc,Eno1,1,1.0
Sp1,Egr1,1,1.0
Stat3,Etv6,1,1.0
E2f4,Mcm7,1,1.0
Hif1a,Itgb2,1,1.0
Sp1,Fos,1,1.0
Esr1,Rara,1,1.0
E2f4,Npat,1,1.0
Wt1,Myc,-1,1.0
Tp53,Tnfrsf10b,1,1.0
Yy1,Hsd3b1,1,1.0
E2f3,Mcm7,1,1.0
E2f3,Mcm6,1,1.0
E2f3,Mcm5,1,1.0
Ar,Klk1b22,1,1.0
Ar,Klk1b27,1,1.0
Ar,Klk1b11,1,1.0
Gli2,Foxe1,1,1.0
Myc,Cflar,-1,1.0
Ar,Klk1b21,1,1.0
Irf8,Nf1,1,1.0
Ar,Klk1b9,1,1.0
Egr1,Syn1,1,1.0
Nr4a1,Mdm2,-1,1.0
Ar,Klk1b8,1,1.0
Ar,Klk1b26,1,1.0
Sp1,Faslg,1,1.0
Sp1,Srebf1,1,1.0
E2f1,Isyna1,1,1.0
Ar,Klk1b1,1,1.0
Srebf2,Abca1,-1,1.0
Esr1,Crhbp,1,1.0
Sp1,Gclc,1,1.0
E2f4,Cdt1,1,1.0
Sp1,Gast,1,1.0
E2f4,Cdkn2c,1,1.0
Nr1h2,Abca1,1,1.0
Nr1h2,Abcg1,1,1.0
Atf1,Cftr,1,1.0
E2f4,Asf1b,1,1.0
Ar,Klk1,1,1.0
Ets1,Grpr,1,1.0
Ar,Klk1b4,1,1.0
Ar,Klk1b24,1,1.0
Foxo3,Sod2,1,1.0
Ar,Klk1b3,1,1.0
Nr1d1,Bmal1,-1,1.0
Ar,Klk1b16,1,1.0
Rest,Oprm1,-1,1.0
Fos,Crem,1,1.0
Crem,Fos,-1,1.0
Ar,Klk1b5,1,1.0
Prox1,Cyp7a1,-1,1.0
Epas1,Flt1,1,1.0
Pparg,Angptl4,1,1.0
Ppard,Angptl4,-1,1.0
Atf6,Hsp90b1,1,1.0
Hif1a,Timp1,1,1.0
Tp53,Hsp90ab1,-1,1.0
Tp53,Slc2a1,-1,1.0
Sp1,Tgfb1,1,1.0
Atf6,Calr,1,1.0
Vdr,Cdkn1b,1,1.0
Ets1,Il5,1,1.0
Atf6,Sel1l,1,1.0
Pparg,Bcl2,1,1.0
Ets2,Il5,1,1.0
Sp1,Cdkn1a,1,1.0
Nfkb1,Il2,1,1.0
Gli1,Ptch1,1,1.0
Gli2,Ptch1,1,1.0
Ar,Snai2,1,1.0
E2f4,E2f1,-1,1.0
Tp73,Cdkn1a,1,1.0
Gata3,Il5,1,1.0
Cebpb,Abcb1a,1,1.0
Tp53,Chek2,-1,1.0
Pparg,Cdkn1a,1,1.0
Yy1,Cxcr4,-1,1.0
Gata4,Cyp17a1,1,1.0
Gata6,Cyp17a1,1,1.0
Sp1,Cyp17a1,1,1.0
Jun,Spp1,1,1.0
Tfap4,Mdm2,-1,1.0
Rara,Cxcr5,1,1.0
Yy1,Ldlr,-1,1.0
Sp1,Ldlr,1,1.0
Srebf1,Ldlr,1,1.0
Smad3,Tnc,1,1.0
Smad4,Tnc,1,1.0
Znf148,Mmp3,1,1.0
Rel,Il2ra,1,1.0
Rela,Gstp1,1,1.0
Rela,Gstp2,1,1.0
Tp53,Plk1,-1,1.0
Crem,Ccna2,-1,1.0
Epas1,Serpine1,1,1.0
Myc,Eif4e,1,1.0
Nfkb1,Il10,1,1.0
Arnt,Epo,1,1.0
Lef1,Cd1d1,-1,1.0
Ar,Dhx15,1,1.0
Rela,Sirt1,1,1.0
Ar,Ddt,1,1.0
Egr3,Nab2,1,1.0
Ar,Dbi,1,1.0
Gli2,Gli1,1,1.0
Tp53,S100b,-1,1.0
Yy1,Srp68,-1,1.0
Ar,Scap,1,1.0
Atf3,Ddit3,1,1.0
Atf4,Atf3,1,1.0
Atf4,Ddit3,1,1.0
Usf2,Thbs1,1,1.0
Nfkb1,Nos2,1,1.0
Usf1,Pf4,1,1.0
Usf2,Pf4,1,1.0
E2f4,Tk1,1,1.0
Ppara,Angptl4,1,1.0
Stat3,Il21,1,1.0
Yy1,Spns1,-1,1.0
Srebf1,Nr0b2,1,1.0
Esr1,Tac3,1,1.0
Ar,Sms,1,1.0
Tp53,Siva1,1,1.0
Hif1a,Epo,1,1.0
E2f4,Plk1,-1,1.0
Sp3,Cnmd,1,1.0
Jun,Il6,1,1.0
Ar,Pgc,1,1.0
Cebpa,Alb,1,1.0
Fli1,Gp9,1,1.0
Sp3,Kdr,1,1.0
Foxo3,Faslg,1,1.0
Ar,Krt18,1,1.0
Mycn,Nes,1,1.0
Nr5a1,Cyp17a1,1,1.0
Tp53,Gadd45a,-1,1.0
Tp53,Bax,1,1.0
Ar,Skt,-1,1.0
Smad3,Serpine1,1,1.0
Stat5a,Bcl2l1,1,1.0
Yy1,Snx27,-1,1.0
Stat3,Prf1,1,1.0
Jun,Tp53,-1,1.0
Jun,Cdkn1a,-1,1.0
Tfap2b,Ptgds,1,1.0
Myb,Wt1,1,1.0
Wt1,Myb,-1,1.0
Ets1,Gp5,1,1.0
Hoxa5,Ptn,1,1.0
Ets1,Fas,1,1.0
Ets1,Cdk11b,1,1.0
Ets1,Cd3d,1,1.0
Egr1,Vegfa,1,1.0
Ets1,Casp8,1,1.0
Klf11,Ins2,1,1.0
Atf4,Trib3,1,1.0
Ddit3,Trib3,1,1.0
Irf2,Tap1,1,1.0
Yy1,Dnajb4,1,1.0
Hif1a,Ldha,1,1.0
Hif1a,Pgk1,1,1.0
Stat5b,Prf1,1,1.0
Fos,Ptgs2,1,1.0
Tp73,Tert,-1,1.0
Pparg,Nr1d1,1,1.0
E2f3,Tp53bp2,1,1.0
Sp3,Klk1b21,1,1.0
Sp3,Klk1b5,1,1.0
Sp3,Klk1b16,1,1.0
Sp3,Klk1b3,1,1.0
Sp3,Klk1b24,1,1.0
Sp3,Klk1b4,1,1.0
Sp3,Klk1,1,1.0
Stat5a,Bcl6,1,1.0
Foxo4,Rbl2,1,1.0
Foxo4,Ppargc1a,1,1.0
Klf2,Nos3,1,1.0
Klf2,Thbd,1,1.0
Stat3,Cdkn1a,1,1.0
Nfkb1,Ebi3,1,1.0
Rela,Ebi3,1,1.0
E2f1,Ppp1r13b,1,1.0
Zbtb16,Ccna2,-1,1.0
Ets1,Runx1,1,1.0
Tp53,Igf1r,-1,1.0
Stat5b,Osm,1,1.0
Sp3,Klk1b22,1,1.0
Sp1,Aldoa,1,1.0
Sp1,Itga5,1,1.0
Hnf4a,Apoa4,1,1.0
Pax8,Tshr,-1,1.0
Hnf4a,Cyp2c38,1,1.0
Hnf4a,Cyp2c39,1,1.0
Hnf4a,Cyp2c29,1,1.0
Foxo3,Pink1,1,1.0
Ets1,Mmp9,1,1.0
Foxo3,Jak1,1,1.0
Sp3,Abca1,-1,1.0
Tfap2a,Igfbp5,1,1.0
Foxo3,Hbp1,1,1.0
Stat5a,Prf1,1,1.0
Lef1,Mycbp,1,1.0
Mitf,Hif1a,1,1.0
Smad3,Jun,1,1.0
Hif1a,Ccnd1,-1,1.0
Stat3,Myc,1,1.0
Stat3,Hif1a,1,1.0
Smad4,Jun,1,1.0
Tp53,Mcm7,-1,1.0
Yy1,Hspa5,1,1.0
Spi1,Bcl6,-1,1.0
Sp1,Rara,1,1.0
Ppara,Fabp3,1,1.0
Stat5b,Il6st,1,1.0
Srf,Actb,1,1.0
Smad3,Edn1,1,1.0
Stat5a,Myd88,1,1.0
Nkx2-5,Gata4,1,1.0
Stat5a,Lonp1,1,1.0
Stat5a,Il6st,1,1.0
Pou5f1,Nanog,1,1.0
Nanog,Pou5f1,1,1.0
Sox2,Nanog,1,1.0
Usf2,Pigr,1,1.0
Yy1,Erbb2,1,1.0
Stat3,Ptpn13,1,1.0
Srebf1,Irs2,-1,1.0
Sp1,Pthlh,1,1.0
Sp1,Rb1,1,1.0
Myb,Myc,1,1.0
Ar,Fkbp5,1,1.0
Hnf1a,Apoh,1,1.0
Sp3,Klk1b27,1,1.0
Sp3,Klk1b11,1,1.0
Rela,Ccl11,1,1.0
Esr1,Tff1,1,1.0
Sp3,Tff1,1,1.0
E2f2,Plk4,1,1.0
Pou5f1,Sox2,1,1.0
E2f2,Plk1,1,1.0
Fos,Smad7,1,1.0
Jun,Smad7,1,1.0
Myc,Nme2,1,1.0
Ets1,Ccnd1,1,1.0
Tp53,Nlrc4,1,1.0
Myc,Npm1,1,1.0
E2f2,Mcm6,1,1.0
E2f1,Tp53bp2,1,1.0
Vdr,Cyp24a1,1,1.0
Foxo3,Sirt1,1,1.0
E2f2,Mcm10,1,1.0
Arnt,Cyp1b1,1,1.0
E2f2,Mcm7,1,1.0
Ahr,Cyp1b1,1,1.0
Stat5a,Ifng,1,1.0
Gli2,Bcl2,1,1.0
Jun,Ccnd1,1,1.0
Foxp3,Il2ra,1,1.0
Fli1,Mpl,1,1.0
Atf2,Ccnd1,1,1.0
Ets1,Gp9,1,1.0
Ets1,Mpl,1,1.0
Hes1,E2f1,-1,1.0
Rbpj,Hes1,1,1.0
Tp53,Mdm2,1,1.0
Ets1,Chuk,1,1.0
Jun,Stmn1,1,1.0
Gata3,Zeb1,1,1.0
Tp53,Ccnb1,-1,1.0
Tp53,Bak1,1,1.0
Bcl6,Ccnd2,-1,1.0
Foxo3,Ccnd2,-1,1.0
Foxo3,Bcl6,1,1.0
Jun,Sprr1a,1,1.0
Foxl2,Cyp19a1,-1,1.0
Foxo1,Ccnd2,-1,1.0
Rela,Abcb1a,1,1.0
Nr5a1,Hsd3b1,1,1.0
Ets1,Timp1,-1,1.0
Mitf,Gpr143,1,1.0
Mitf,Apex1,1,1.0
Usf1,Apoa5,1,1.0
E2f3,Cdkn1a,1,1.0
E2f1,Cdkn1a,1,1.0
Jun,Cyp19a1,-1,1.0
Foxo1,Cnr1,-1,1.0
E2f6,Rbbp8,-1,1.0
Sp1,Apoe,1,1.0
Mbd1,Setdb1,-1,1.0
Tp53,Rb1,-1,1.0
Tp53,Cdkn1a,1,1.0
Sp1,Macrod1,1,1.0
Ets1,Bmp4,1,1.0
Sp3,Klk1b26,1,1.0
Sp3,Klk1b8,1,1.0
Sp3,Klk1b9,1,1.0
Sp3,Klk1b1,1,1.0
Esr1,Macrod1,1,1.0
Atf3,Gdf15,1,1.0
Tp53,Igfbp3,1,1.0
Yy1,Nr3c1,1,1.0
Rela,Egr1,-1,1.0
Hif1a,Hsp90b1,1,1.0
Mitf,Cdkn2a,-1,1.0
Ppara,Serpine1,1,1.0
Hnf1a,Igf1,1,1.0
E2f2,E2f1,1,1.0
Wt1,Odc1,1,1.0
Ets2,Cga,1,1.0
E2f2,Cdt1,1,1.0
E2f2,Cdca4,1,1.0
Tp73,Bbc3,1,1.0
Sp1,Hnf4a,1,1.0
Tp53,Bcl2,-1,1.0
Cebpb,Slc19a1,1,1.0
Rest,Tubb3,-1,1.0
Yy1,Ttc17,-1,1.0
E2f2,Asf1b,1,1.0
Egr1,Hsd11b2,-1,1.0
Nfkb1,Hsd11b2,1,1.0
Egr1,Rela,-1,1.0
Mitf,Best1,1,1.0
Smad4,Serpine1,1,1.0
Nr4a1,E2f1,1,1.0
Myc,Ccna2,1,1.0
Usf2,Tert,1,1.0
Maf,Lalba,1,1.0
Rest,Glra1,1,1.0
Hnf1a,Ugt1a6,1,1.0
Sp1,Nr3c1,1,1.0
Cebpa,Elane,1,1.0
Runx1,Itgax,1,1.0
Jun,Krt16,1,1.0
Jun,Plat,1,1.0
Rfx5,Col1a2,-1,1.0
Cebpa,Bcl2,1,1.0
Lef1,Mmp7,1,1.0
Nr2f1,Lhcgr,-1,1.0
Yy1,Il5,1,1.0
Wt1,Pdgfa,-1,1.0
Sp1,Krt16,1,1.0
Sp1,Sp3,1,1.0
Fosl2,Mmp13,1,1.0
Tp53,Ifi204,1,1.0
Hnf4a,F2,1,1.0
Myc,Brca1,1,1.0
Sp3,F2,1,1.0
Foxo3,Bcl2l11,1,1.0
Usf1,Cyp19a1,-1,1.0
Usf2,Cyp19a1,-1,1.0
Usf1,Cd2,1,1.0
Jun,Abcb1a,1,1.0
Tp53,Mndal,1,1.0
Tp53,Ifi203,1,1.0
Tp53,Pyhin1,1,1.0
Tp53,Ifi205a,1,1.0
Tp53,Ifi208,1,1.0
Yy1,Psmd8,-1,1.0
Tp53,Q504N7,1,1.0
Stat6,Il4,1,1.0
Tp53,Mnda,1,1.0
Stat3,Socs3,1,1.0
Myod1,Actc1,1,1.0
Jun,Fosl1,1,1.0
Jund,Fosl1,1,1.0
Lef1,Elane,1,1.0
Tfap2a,Penk,1,1.0
Tfap2a,S100b,1,1.0
Cdx1,Ada,1,1.0
Fli1,Tert,1,1.0
Esr2,Tgfa,1,1.0
Yy1,Ranbp10,-1,1.0
Myc,Tp53,1,1.0
Wt1,Thbs1,1,1.0
Nfic,Smug1,1,1.0
E2f1,Dhfr,1,1.0
Usf1,Pigr,1,1.0
Rfx1,Pcna,-1,1.0
Sp3,Mycn,1,1.0
Ar,Ncoa2,-1,1.0
Yy1,Rprd2,-1,1.0
Yy1,Raver1,-1,1.0
Nfkb1,Ar,-1,1.0
Nr2f2,Apoa1,-1,1.0
Rela,Nos3,1,1.0
Gli3,Ptch2,1,1.0
Ets2,Anpep,1,1.0
Atf3,Gclc,-1,1.0
Foxo1,Igfbp1,1,1.0
Creb1,Hmox1,-1,1.0
Ppara,Pank1,1,1.0
Sox10,Ret,1,1.0
Jun,Mat2a,1,1.0
Smad5,Id3,1,1.0
Gata4,Nos3,1,1.0
Sp3,Nos3,1,1.0
Gli1,Bcl2,1,1.0
Rela,Tp53,1,1.0
Fos,Nos2,1,1.0
Nfkb1,Tp53,1,1.0
Tp53,Myc,-1,1.0
Nfkb1,Nos3,1,1.0
Ahr,Cyp1a1,1,1.0
E2f6,Rbbp4,-1,1.0
Nr5a1,Cyp19a1,1,1.0
Tfap4,Penk,1,1.0
Ctcf,C1ra,1,1.0
Ctcf,C1rb,1,1.0
Irf1,Cdk2,-1,1.0
Jun,Spi1,1,1.0
Ctcf,Bicd2,1,1.0
Sp1,Abcb1a,1,1.0
Rela,Elf3,1,1.0
Ctcf,Cd80,1,1.0
Nfkb1,Elf3,1,1.0
Ets2,Mdm2,1,1.0
Esr1,Tp53,-1,1.0
Runx2,Ibsp,1,1.0
Egr1,Tp53,1,1.0
Nfkb1,Ifng,1,1.0
Ctcf,B4galnt1,1,1.0
Ctcf,Ankrd46,1,1.0
Elk1,Psen1,1,1.0
Hif1a,Vegfa,1,1.0
Nr5a1,Amhr2,1,1.0
Ctcf,Cep135,1,1.0
Ctcf,Ephb1,1,1.0
Spi1,Cd68,-1,1.0
Irf8,Cd68,-1,1.0
Sp1,Ugdh,1,1.0
Sp1,Wt1,1,1.0
Ctcf,Elp5,1,1.0
Rela,Cxcr4,1,1.0
Ctcf,Dmkn,1,1.0
Sp3,Dnase2,1,1.0
Pparg,Fabp4,1,1.0
Ctcf,Dip2b,1,1.0
Ctcf,Col27a1,1,1.0
Ctcf,Cnih1,1,1.0
Egr1,Tnf,1,1.0
Smad4,Cdkn1a,1,1.0
Ctcf,Cideb,1,1.0
Ctcf,Chrna6,1,1.0
Tp53,Prkab1,1,1.0
Hnf4a,Nr1i2,1,1.0
Pparg,Slc2a4,-1,1.0
Nfkb1,Myc,1,1.0
Rela,S100a6,1,1.0
Egr1,Abcb1a,1,1.0
Srf,Actc1,1,1.0
Nfyb,Actb,1,1.0
Tp53,Mad1l1,-1,1.0
Sp1,Cyp11a1,1,1.0
Tp63,Cdkn1a,1,1.0
Myc,Ndrg1,-1,1.0
Atf3,Asns,1,1.0
Mycn,Ndrg1,1,1.0
Egr1,Ar,-1,1.0
Tp53,Dusp1,1,1.0
Pgr,Hltf,1,1.0
Myc,Odc1,1,1.0
Fos,Sp3,1,1.0
Pou2f1,Tfap2a,1,1.0
E2f6,Brca1,-1,1.0
Usf2,Igf2r,1,1.0
Egr1,Gdf15,1,1.0
Klf4,Gpa33,1,1.0
Yy1,Ppp2r1a,-1,1.0
Sp1,Cyp1b1,1,1.0
Sp1,Stard3,1,1.0
Ctcf,Ahcyl1,1,1.0
Hsf2,Hspa4,1,1.0
Sp1,Atp2a2,1,1.0
Ctcf,Acvr1c,1,1.0
Mitf,Mlana,1,1.0
Fos,Clu,-1,1.0
Foxo1,Pdk4,1,1.0
Ctcf,Abca2,1,1.0
Stat3,Rnls,1,1.0
Atf2,Ifng,1,1.0
Pparg,Rarb,1,1.0
Ets1,Tfap2a,1,1.0
Tfap2a,Ets1,1,1.0
Hnf1a,Cyp7a1,1,1.0
Tbp,Pmf1,1,1.0
Jun,Myc,-1,1.0
Rel,Il1b,1,1.0
Nr5a1,Mc2r,1,1.0
Sox9,Mia,1,1.0
Creb1,Etv3,1,1.0
Spi1,Ctse,1,1.0
Mitf,Trpm1,1,1.0
Sp1,Epo,1,1.0
Sp1,Klk1b22,1,1.0
Egr1,F3,1,1.0
Sp1,App,1,1.0
Sp1,Klk1b21,1,1.0
Sp1,Klk1b5,1,1.0
Smad1,Cdkn1a,1,1.0
Irf1,Irf2,1,1.0
Gata2,Gata1,1,1.0
Atf2,Tnf,1,1.0
Sp1,Klk1b16,1,1.0
Stat3,Ptgs2,1,1.0
Sp1,Klk1b3,1,1.0
Smad3,Epo,1,1.0
Myc,Cdkn1a,-1,1.0
Sp1,Klk1b24,1,1.0
Srf,Fos,1,1.0
Jun,Tnf,1,1.0
Cebpb,Star,1,1.0
Pparg,Sat1,1,1.0
Sp3,Cdkn1a,1,1.0
Sp1,Klk1b8,1,1.0
Nr5a1,Star,1,1.0
Tp53,Pcna,1,1.0
Sp1,Klk1b26,1,1.0
Egr1,Ptges,1,1.0
Atf2,Jun,1,1.0
Tp53,Pml,1,1.0
Sp1,Klk1b9,1,1.0
Cebpa,Spp1,1,1.0
Sp1,Klk1b1,1,1.0
Sp1,Pck1,1,1.0
Sp1,Klk1b11,1,1.0
Lef1,Cldn2,1,1.0
Sp1,Klk1b27,1,1.0
Tp53,Litaf,1,1.0
Jun,Csf2,1,1.0
Atf4,Vegfa,1,1.0
Jund,Nos2,1,1.0
Usf1,Cxcr4,1,1.0
Hbp1,Runx1,1,1.0
Pparg,Plin2,1,1.0
Pdx1,Ins2,1,1.0
Rbpj,Hey1,1,1.0
Usf1,Tgfb1,1,1.0
Hif1a,Nr4a1,1,1.0
Myc,Cxcr4,1,1.0
Ets1,Tnc,1,1.0
Irf1,Tap1,1,1.0
Usf2,Tgfb1,1,1.0
Mybl2,Myc,1,1.0
Hnf1a,Ins2,1,1.0
Sp1,Klk1b4,1,1.0
Ybx1,Mmp13,-1,1.0
Stat2,Cfb,1,1.0
Sp1,Klk1,1,1.0
Smad1,Id3,1,1.0
Jun,Il2,-1,1.0
E2f1,Bbc3,1,1.0
Mef2a,Jun,1,1.0
Mitf,Fos,1,1.0
Nfic,Cyp17a1,1,1.0
Runx2,Mmp13,1,1.0
Esr1,Jun,1,1.0
Pou2f1,Mad2l1,1,0.25
Srcap,Klk1b8,1,0.25
Pou2f1,Tk1,1,0.25
Sox6,Cdkn1a,1,0.25
Pou2f1,Snai2,1,0.25
Usf2,Scyl1,1,0.25
Sox6,Ctnnb1,-1,0.25
Sp3,Rela,1,0.25
Pou2f1,Lgals4,1,0.25
Tp53,Smad4,-1,0.25
Sox6,Cdk4,-1,0.25
Snai2,Cd44,1,0.25
Sox6,Ccna2,-1,0.25
Pou5f1,Dlx5,-1,0.25
Rela,Mmp12,1,0.25
Pou2af1,Tnfrsf17,1,0.25
Rela,Mmp13,1,0.25
Srcap,Klk1b9,1,0.25
Rela,Tbp,1,0.25
Snai2,Cxadr,-1,0.25
Rela,Mmp1a,1,0.25
Rela,Tf,1,0.25
Pou2f1,Twist1,1,0.25
Pou4f2,Hsp90aa1,1,0.25
Sp3,Yy1,1,0.25
Rela,Tnfsf10,1,0.25
Rela,Lipe,1,0.25
Rela,Cdh1,1,0.25
Usf1,Rad50,1,0.25
Pou3f2,Pde5a,-1,0.25
Rela,Tnfrsf13c,1,0.25
Rela,Bgn,1,0.25
Sox9,Cdk4,1,0.25
Sox9,Dcc,1,0.25
Rela,Lpl,1,0.25
Tp53,Eomes,1,0.25
Snai1,Cxadr,-1,0.25
Spdef,Spink4,1,0.25
Yy1,Oxct1,-1,0.25
Rela,Tlr7,1,0.25
Pou4f1,Hsp90aa1,1,0.25
Rela,Tff1,1,0.25
Rela,Ltc4s,-1,0.25
Spi1,Prg2,1,0.25
Spi1,Pebp1,1,0.25
Pou2f2,Tk1,1,0.25
Rela,Tff3,1,0.25
Srcap,Klk1b26,1,0.25
Rela,Cd80,1,0.25
Usf1,Scyl1,1,0.25
Rela,Tlr3,1,0.25
Tp53,Tlr8,1,0.25
Yy1,Nup160,-1,0.25
Rela,Bad,1,0.25
Spen,Dmpk,1,0.25
Sox9,Pou3f2,-1,0.25
Spdef,Plaur,-1,0.25
Sp1,P4ha1,1,0.25
Pknox1,Syp,1,0.25
Pcgf2,Zeb1,-1,0.25
Pcgf2,Zeb2,-1,0.25
Yy1,Picalm,1,0.25
Rela,Nox4,1,0.25
Pgr,Erbb2,-1,0.25
Rela,Ccnd2,1,0.25
Rela,Ccl22,1,0.25
Rela,Reps2,-1,0.25
Rela,Oxtr,1,0.25
Rela,Ccr2,1,0.25
Pgr,Foxp3,-1,0.25
Pgr,Il10,-1,0.25
Pgr,Rela,-1,0.25
Sox2,Plac1,-1,0.25
Yy1,Xiap,1,0.25
Yy1,Hint2,-1,0.25
Rela,Rgs4,1,0.25
Phox2b,Msx1,-1,0.25
Srebf2,Abcg8,-1,0.25
Srebf2,Abcg5,-1,0.25
Rela,Ptges,1,0.25
Rela,Prox1,1,0.25
Srf,Creb1,-1,0.25
Sox17,Hnf4a,1,0.25
Sox2,Abcc3,1,0.25
Pax5,Mmp1a,-1,0.25
Rela,Pdk4,-1,0.25
Pax5,Mycn,1,0.25
Pax5,Timp1,1,0.25
Sox2,Itga6,1,0.25
Rela,Ptafr,1,0.25
Snai2,Pou5f1,1,0.25
Snai2,Mmp9,1,0.25
Rela,Plin1,1,0.25
Pbx1,Pf4,1,0.25
Sox2,Mki67,-1,0.25
Pbx2,Emx2,1,0.25
Sox2,Mmp3,1,0.25
Snai2,Lpar2,-1,0.25
Pbx2,Pf4,1,0.25
Pax8,Slc3a1,1,0.25
Srebf1,Fas,1,0.25
Srebf1,Bcl2l1,-1,0.25
Ar,Srebf1,1,0.25
Pitx1,Runx1,-1,0.25
Rela,Serpina3c,-1,0.25
Srcap,Klk1b1,1,0.25
Tef,Myh6,1,0.25
Rela,Serpina3k,-1,0.25
Rela,Serpina3m,-1,0.25
Yy1,Ubr5,1,0.25
Pitx1,Trib2,-1,0.25
Pitx1,Nkx3-1,-1,0.25
Yy1,Pisd,1,0.25
Tp53,Adarb1,1,0.25
Rela,Serpinb1a,1,0.25
Pitx2,Gnrh1,-1,0.25
Yy1,Pdhx,1,0.25
Sox2,Vim,1,0.25
Rela,Ccr7,1,0.25
Tp53,Arhgef7,1,0.25
Rela,Stk39,1,0.25
Sox2,Tubb3,-1,0.25
Pitx1,Jun,-1,0.25
Pitx1,Irf7,-1,0.25
Pitx1,Irf2,-1,0.25
Srcap,Klk1,1,0.25
Srf,Myh6,1,0.25
Yy1,Ip6k2,1,0.25
Srcap,Klk1b4,1,0.25
Rela,Sdc1,1,0.25
Srcap,Klk1b24,1,0.25
Srcap,Klk1b3,1,0.25
Srcap,Klk1b16,1,0.25
Sox2,Pou4f2,-1,0.25
Srcap,Klk1b5,1,0.25
Rela,Ccr3,1,0.25
Pitx1,Gnrh1,-1,0.25
Srcap,Klk1b21,1,0.25
Srcap,Klk1b22,1,0.25
Pitx1,Hes1,-1,0.25
Srcap,Klk1b27,1,0.25
Stat4,Fpr1,-1,0.25
Tef,Acta1,1,0.25
Srcap,Klk1b11,1,0.25
Pou2af1,Tk1,1,0.25
Pitx1,Runx2,-1,0.25
Pou5f1,Tbx18,-1,0.25
Sp3,Nfkb1,1,0.25
Runx2,Mmp2,1,0.25
Rxra,Il2rg,1,0.25
Runx2,Snai3,1,0.25
Yy1,St7l,1,0.25
Sp1,Hyal1,-1,0.25
Twist1,Runx2,-1,0.25
Rela,Abcg2,1,0.25
Prox1,Rgs4,-1,0.25
Rxra,Il2rb,1,0.25
Prox1,Six3,1,0.25
Rxra,Il2ra,1,0.25
Yy1,Mcm5,1,0.25
Runx2,Twist1,1,0.25
Pura,Fas,-1,0.25
Pura,Pcna,-1,0.25
Runx2,Vegfc,1,0.25
Rela,Gfap,1,0.25
Rela,Gkn2,-1,0.25
Rela,Flt4,1,0.25
Sp1,Ticam1,-1,0.25
Runx2,Elane,1,0.25
Yy1,Slirp,-1,0.25
Runx1,Myh10,-1,0.25
Runx1,Sympk,-1,0.25
Pparg,Ugt1a9,1,0.25
Prdm1,Gcsam,-1,0.25
Prdm1,Lmo2,-1,0.25
Sp1,Tk1,1,0.25
Prox1,Nr1i2,-1,0.25
Yy1,Sgsm2,-1,0.25
Ar,Runx2,-1,0.25
Rela,Adora1,1,0.25
Yy1,Tnks,-1,0.25
Rxra,Serpinc1,1,0.25
Yy1,Sf1,1,0.25
Rela,Hyal1,1,0.25
Yy1,Dolpp1,-1,0.25
Rela,Hbegf,1,0.25
Rela,Gtf2b,1,0.25
Rela,Junb,1,0.25
Runx3,Capn10,1,0.25
Runx3,Casp3,1,0.25
Runx3,Ing4,1,0.25
Rel,Bcl2a1,1,0.25
Rela,Epcam,-1,0.25
Sp1,Recql4,1,0.25
Rela,Cxcr2,1,0.25
Rela,Cyp19a1,-1,0.25
Runx3,Traf6,1,0.25
Rarg,Bglap2,1,0.25
Rarg,Bglap3,1,0.25
Runx3,Pea15,-1,0.25
Sp1,Mmrn1,1,0.25
Yy1,Kdm6a,1,0.25
Yy1,Cpne1,1,0.25
Runx3,Tial1,-1,0.25
Rarg,Bglap,1,0.25
Sp1,Mta1,1,0.25
Sp1,Ndufv1,1,0.25
Runx3,Ing1,1,0.25
Runx3,Casp2,1,0.25
Runx3,Hspd1,-1,0.25
Rela,Faf1,1,0.25
Runx3,Casp7,1,0.25
Yy1,Zdhhc17,-1,0.25
Rara,Anxa8,-1,0.25
Runx3,Cd36,-1,0.25
Rxra,Abca1,1,0.25
Runx3,Cldn7,1,0.25
Runx3,Clec4g,1,0.25
Sp1,Id4,-1,0.25
Sp1,Slc39a8,1,0.25
Rara,Crabp1,1,0.25
Runx3,Wnt4,-1,0.25
Runx3,Dnase1,1,0.25
Runx3,Fadd,1,0.25
Sp1,Irf5,1,0.25
Runx3,Txn2,-1,0.25
Yy1,Capza2,-1,0.25
Runx3,Hes1,-1,0.25
Rel,Cdkn1a,1,0.25
Sall3,Hdac9,-1,0.25
Pparg,Slc5a5,1,0.25
Sall4,Cdh1,-1,0.25
Skil,Adam12,-1,0.25
Yy1,U2af1,1,0.25
Ppara,Srebf2,-1,0.25
Ski,Mdm2,1,0.25
Ski,Fhl2,1,0.25
Ppara,Ugt1a9,1,0.25
Six1,Vegfc,1,0.25
Ppard,Ang,-1,0.25
Ppard,Cat,1,0.25
Sim2,Casp3,1,0.25
Sp1,Arf6,1,0.25
Ppard,Sod1,1,0.25
Ppard,Timp1,1,0.25
Ppard,Txn,1,0.25
Sp3,Alox12,1,0.25
Sp1,Atp2a3,1,0.25
Pparg,Acat1,1,0.25
Ppara,Il6ra,-1,0.25
Rest,Cd59b,-1,0.25
Yy1,Psmb4,1,0.25
Smad3,Vdr,1,0.25
Sp1,Adam23,1,0.25
Pou5f1,Eomes,-1,0.25
Yy1,Atp5po,-1,0.25
Yy1,Birc6,-1,0.25
Sp3,Id4,-1,0.25
Rela,Ceacam2,1,0.25
Sp3,Hdac4,1,0.25
Pou5f1,Gata6,-1,0.25
Sp3,Hbegf,1,0.25
Sp1,Grk2,1,0.25
Yy1,Prdx3,1,0.25
Pou5f1,Hlx,-1,0.25
Pou5f1,Itga6,1,0.25
Pou5f1,Tbxt,-1,0.25
Sp1,Pdia2,1,0.25
Sp1,Aplnr,1,0.25
Rela,Ceacam1,1,0.25
Sp3,Erbb2,1,0.25
Rest,Kcnn4,-1,0.25
Yy1,Tp53bp1,1,0.25
Sp2,Hsd17b2,-1,0.25
Sp1,Ugcg,1,0.25
Runx1,Gp1ba,1,0.25
Yy1,Eif3e,-1,0.25
Yy1,Snx3,-1,0.25
Yy1,Spag7,-1,0.25
Rela,Alox5,-1,0.25
Satb1,Spi1,1,0.25
Satb1,Mki67,1,0.25
Yy1,Braf,1,0.25
Pparg,Ero1a,1,0.25
Rela,Cfi,1,0.25
Pparg,Icam1,-1,0.25
Satb1,Cdk4,1,0.25
Sp1,Hcn4,1,0.25
Runx1,Jun,1,0.25
Pparg,Pdk2,-1,0.25
Rela,Akt2,-1,0.25
Pparg,Csf1,-1,0.25
Satb2,Tp63,-1,0.25
Sp1,Elf4,1,0.25
Setbp1,Ptpa,-1,0.25
Rest,Penk,-1,0.25
Pparg,Ager,-1,0.25
Rfx3,Map1a,-1,0.25
Sim2,Bcl2,-1,0.25
Rora,Npsr1,-1,0.25
Sp2,Dnmt3a,1,0.25
Pparg,Bad,1,0.25
Setbp1,Ptgs2,-1,0.25
Sp3,Rassf1,1,0.25
Pparg,Bcl2l1,-1,0.25
Yy1,Psmb7,-1,0.25
Pparg,Ccne1,-1,0.25
Sp1,Cd1d1,1,0.25
Runx1,Baalc,1,0.25
Yy1,Fech,-1,0.25
Pparg,Cflar,-1,0.25
Setbp1,Ptger2,-1,0.25
Sp1,Dhcr24,1,0.25
Pparg,Brs3,1,0.25
Rela,Ccnb1,1,0.25
Wt1,Adgre5,1,0.25
Srf,Plau,1,0.25
Tcf7l2,Amhr2,1,0.25
Stat2,Des,1,0.25
Tcf7l2,Apcdd1,1,0.25
Stat2,Cldn4,1,0.25
Tcf7l2,Bambi,1,0.25
Smad1,Gadd45b,1,0.25
Esr1,Cdc25a,1,0.25
Elf2,Cd3d,1,0.25
Tcf7l2,Bcl2l2,1,0.25
Tcf7l2,Birc7,1,0.25
Hbp1,Spi1,-1,0.25
Tcf7l2,Ccl12,1,0.25
Tcf7l2,Ccn2,1,0.25
Tcf7l2,Cyp26a1,1,0.25
Tcf7l2,Dapk2,-1,0.25
Stat2,Dgke,1,0.25
Tcf7l2,Akt1,1,0.25
Stat2,Il20ra,1,0.25
Stat2,Jund,1,0.25
Sp1,F13a1,1,0.25
Sp1,Fdx1,1,0.25
Sp1,Gls2,1,0.25
Thrb,Mlxipl,1,0.25
Thrb,E2f1,1,0.25
Sp1,Itga11,1,0.25
Smad5,Hey1,1,0.25
Tcf7l2,Edn1,1,0.25
Pax3,Dct,-1,0.25
Sp1,Ptx3,-1,0.25
Sp1,Runx2,1,0.25
Stat2,Nmbr,1,0.25
Stat2,Msr1,1,0.25
Sp1,Tgm3,-1,0.25
Sp1,Tm7sf2,1,0.25
Sp1,Trim25,1,0.25
Sp1,Pola1,1,0.25
Sp1,Evpl,1,0.25
Tcf7l2,Enc1,1,0.25
Tcf7l2,Fst,1,0.25
Hmga1,Fgl1,1,0.25
Ppara,Elovl5,1,0.25
Ppara,Elovl6,1,0.25
Ar,Ugt1a2,1,0.25
Ar,Ugt1a1,1,0.25
Ppara,Fads1,1,0.25
Ar,Trpv3,1,0.25
Ar,Srebf2,1,0.25
Myc,C1qbp,1,0.25
Myc,Cct3,1,0.25
Ar,Snai1,1,0.25
Myc,Dnajb1,1,0.25
Myc,Ei24,1,0.25
Ar,Pycr1,1,0.25
Myc,Eif3b,1,0.25
Hbp1,Ccnd3,-1,0.25
Tcf7l2,Vcan,1,0.25
Tcf7l2,Ube2b,1,0.25
Hbp1,Ccne1,-1,0.25
Hbp1,Myb,-1,0.25
Tcf7l2,Igfbp6,-1,0.25
Hbp1,Junb,1,0.25
Tcf7l2,Inha,1,0.25
Tcf7l2,Krt1,1,0.25
Tcf7l2,Mmp1a,1,0.25
Hbp1,H1-5,1,0.25
Tcf7l2,Epcam,1,0.25
Tcf7l2,Mybl2,-1,0.25
Tcf7l2,Notum,1,0.25
Tcf7l2,Ntsr1,1,0.25
Tcf7l2,Pttg1,1,0.25
Hbp1,Faslg,1,0.25
Tcf7l2,Srsf3,1,0.25
Tcf7l2,Tbxt,1,0.25
Hbp1,Cebpa,1,0.25
Hbp1,Gata1,1,0.25
Ar,Oat,1,0.25
Sp1,Ackr1,1,0.25
Tcf7l1,Igfbp6,-1,0.25
Gli2,Vdr,-1,0.25
Gli2,Vipr1,-1,0.25
Gli2,Zfc3h1,-1,0.25
Nr1h2,Abcg5,1,0.25
Nr1h2,Abcg8,1,0.25
Nr1h2,Cd36,1,0.25
Nr1h2,Fbp1,-1,0.25
Nr1h2,G6pc1,-1,0.25
Nr1h2,Pck2,-1,0.25
Nr1h3,Abcg8,1,0.25
Nr1h3,Fbp1,-1,0.25
Nr1h3,Pck2,-1,0.25
Sp3,Cdc25c,1,0.25
Sp3,F10,1,0.25
Sp3,Rfc1,1,0.25
Gli2,Vav3,-1,0.25
Gli2,Ugt1a1,-1,0.25
Gli2,Tob1,-1,0.25
Gli2,Tnc,1,0.25
Gli2,Msx2,-1,0.25
Gli2,Myc,-1,0.25
Gli2,Npy2r,-1,0.25
Gli2,Ppp1cb,1,0.25
Gli2,Prkaca,-1,0.25
Gli2,Pten,-1,0.25
Gli2,Rapgefl1,-1,0.25
Srebf2,Cyp4f3,1,0.25
Gli2,Rhoh,-1,0.25
Gli2,Serpinb2,1,0.25
Gli2,Spart,1,0.25
Gli2,Sytl2,-1,0.25
Gli2,Tead1,1,0.25
Gli2,Tgfa,1,0.25
Gli2,Tgfbi,1,0.25
Gli2,Timp3,-1,0.25
Gli2,Rorc,-1,0.25
Yy2,Ifnb1,1,0.25
Srebf2,Ptgs2,1,0.25
Cebpa,Abca3,1,0.25
Foxo1,Prdx4,-1,0.25
Foxo1,Prg4,-1,0.25
Foxo1,Nectin3,1,0.25
Tead1,Vegfa,1,0.25
Foxo1,Rars1,1,0.25
Foxo1,Slc16a1,1,0.25
Foxo1,Smad4,1,0.25
Jund,Spp1,1,0.25
Foxo1,Taf11,1,0.25
Foxo1,Tle4,1,0.25
Foxo1,Wnt16,1,0.25
Foxo1,Wnt4,1,0.25
Hif1a,Dll4,1,0.25
Rela,B2m,1,0.25
Hnf1b,Mmp7,1,0.25
Foxo1,Npy,1,0.25
Foxo1,Nek2,-1,0.25
Foxo1,Lefty2,1,0.25
Foxo1,Krt19,-1,0.25
Foxa2,Abca3,1,0.25
Gata6,Abca3,1,0.25
Srebf1,Acat2,1,0.25
Srebf1,Cyp4f3,1,0.25
Srebf1,Cyp8b1,1,0.25
Srebf1,Mttp,-1,0.25
Srebf1,Sv2a,1,0.25
Srebf2,Tm7sf2,1,0.25
Cebpb,St6gal1,1,0.25
Foxo1,Atp8a1,1,0.25
Foxo1,B4galt3,-1,0.25
Foxo1,Cdk1,-1,0.25
Foxo1,Cited2,1,0.25
Foxo1,Dcn,1,0.25
Foxo1,Eif4g1,1,0.25
Foxo1,Tcaf1,1,0.25
Foxo1,Acadsb,1,0.25
Myc,Eif5,1,0.25
Myc,Eprs1,1,0.25
Myc,Fkbp4,1,0.25
Nfya,Srebf2,1,0.25
Nfya,Tm7sf2,1,0.25
Yy1,Calr,1,0.25
Yy1,Cd3d,-1,0.25
Yy1,Ctse,-1,0.25
Yy1,Hmgcs1,-1,0.25
E2f6,Ptgs1,-1,0.25
Yy1,Slc46a1,1,0.25
E2f1,Atg12,1,0.25
E2f1,Atg4a,1,0.25
E2f1,Atg4b,1,0.25
E2f1,Atg4d,1,0.25
E2f1,Atg7,1,0.25
E2f1,Atg9a,1,0.25
Foxo4,Anxa8,1,0.25
E2f6,Uxt,-1,0.25
Nfya,Pura,1,0.25
Mitf,Ngfr,1,0.25
Nr2f6,Apoa1,-1,0.25
Jun,Dio2,-1,0.25
E2f2,Fbxo43,1,0.25
Jun,Gcsh,1,0.25
Jun,Itga2,1,0.25
Jun,Krt14,1,0.25
Jun,Slc46a1,1,0.25
Jun,Tgfbr2,1,0.25
Ets2,Runx1,1,0.25
Jun,Serpina3c,1,0.25
Jun,Serpina3k,1,0.25
Jun,Serpina3m,1,0.25
Msx2,Spp1,1,0.25
Nfya,Cdc25a,1,0.25
Nr2f6,Apoc2,-1,0.25
Nfya,Hmgcs1,1,0.25
Nfya,Mcm8,1,0.25
E2f2,Ccnd3,1,0.25
E2f2,Fbxo5,1,0.25
Ets1,Mtrr,1,0.25
E2f1,Ptgs1,1,0.25
Foxo3,Smad4,1,0.25
E2f1,Plk3,1,0.25
Foxo3,Satb1,1,0.25
Foxo3,Sat1,1,0.25
Foxo3,Pnrc1,1,0.25
E2f1,Stil,1,0.25
E2f1,Topbp1,1,0.25
Foxo3,Atp8a1,1,0.25
Foxo3,Ogt,1,0.25
Foxo3,Cd55b,1,0.25
Foxo3,Hpgd,1,0.25
Foxo3,Cd55,1,0.25
Foxo3,Gtf2i,1,0.25
Foxo3,Daam1,1,0.25
Foxo3,Fxyd3,1,0.25
Foxo3,Tle4,1,0.25
Foxo3,Tnfaip8,1,0.25
E2f1,Hist1h2an,1,0.25
E2f1,H2ac13,1,0.25
E2f1,Dyrk1a,1,0.25
Ets1,Folh1,1,0.25
E2f1,Fbxl16,1,0.25
E2f1,Gab2,1,0.25
E2f1,Gabarapl1,1,0.25
Stat5b,Rad51,1,0.25
E2f1,Gabarapl2,1,0.25
Ets1,Krt14,1,0.25
Stat5b,Myd88,1,0.25
E2f1,H2ac7,1,0.25
E2f1,H2ac8,1,0.25
E2f1,H2ac6,1,0.25
E2f1,Hist1h2ap,1,0.25
E2f1,H2ac11,1,0.25
E2f1,Hist1h2ao,1,0.25
E2f1,H2ac4,1,0.25
Stat5b,Lonp1,1,0.25
E2f2,Foxo1,1,0.25
Jun,Bcl2a1,1,0.25
Gata1,Ctse,1,0.25
Nr2f1,Acadm,-1,0.25
Nr2f1,Apoa4,-1,0.25
Nr2f1,Cpt2,-1,0.25
Nr2f1,Rxrg,-1,0.25
Nr2f1,Tf,-1,0.25
Hnf1a,Gls2,1,0.25
Hnf1a,Mmp7,1,0.25
Hnf1a,Scd1,1,0.25
Hnf1a,St6gal1,1,0.25
Gabpa,Pola1,1,0.25
Gabpa,Tshr,1,0.25
Smad3,Col5a2,1,0.25
Smad3,Col6a2,1,0.25
Smad3,Ccn1,1,0.25
Smad3,Gclc,-1,0.25
Myc,Ywhae,1,0.25
Myc,Ung,1,0.25
Myc,Tspo,1,0.25
Myc,Ruvbl2,1,0.25
Myc,Hsp90ab1,1,0.25
Ar,Hsp90aa1,1,0.25
Myc,Hspa1a,1,0.25
Myc,Hsph1,1,0.25
Ar,Higd1a,1,0.25
Ar,Fasn,1,0.25
Myc,Ints7,-1,0.25
Smad3,Hey1,1,0.25
Myc,Metap2,1,0.25
Myc,Pfkm,1,0.25
Myc,Pias1,1,0.25
Runx2,Smad6,1,0.25
Runx2,Gadd45b,1,0.25
Myc,Polr2f,1,0.25
E2f5,Asf1b,1,0.25
E2f4,Pole3,1,0.25
Myc,Nutf2,1,0.25
Smad3,Itgb1,1,0.25
E2f3,Topbp1,1,0.25
E2f3,Pole3,1,0.25
Lef1,E2f1,1,0.25
Lef1,Ephb3,1,0.25
Lef1,Inha,1,0.25
Lef1,Itgb1,-1,0.25
Lef1,Lima1,-1,0.25
E2f2,Pole3,1,0.25
Lef1,Mllt10,1,0.25
Lef1,Casp4,-1,0.25
Lef1,Rock1,-1,0.25
Dbp,St6gal1,1,0.25
Smad4,Ankrd1,1,0.25
E2f2,Plk3,1,0.25
E2f2,Npat,1,0.25
Smad4,Selenop,-1,0.25
Smad4,Timp3,1,0.25
E2f2,Gmnn,1,0.25
Dbp,Adh1,1,0.25
Gli2,Mmp2,1,0.25
Lef1,Bcl2,1,0.25
E2f2,Topbp1,1,0.25
E2f3,Plk3,1,0.25
E2f3,Npat,1,0.25
E2f3,Mcm10,1,0.25
E2f3,Gmnn,1,0.25
Smad3,Serpinb5,1,0.25
E2f3,Foxo1,1,0.25
Smad3,Timp3,1,0.25
Lef1,App,-1,0.25
E2f3,Fbxo5,1,0.25
E2f3,Fbxo43,1,0.25
E2f3,Cdt1,1,0.25
E2f3,Cdca7,1,0.25
E2f3,Cdca4,1,0.25
E2f3,Ccnd3,1,0.25
E2f3,Asf1b,1,0.25
Lef1,Adam2,-1,0.25
Smad3,Tnfrsf11b,1,0.25
Srf,Mmp14,1,0.25
Gli2,Mmp13,-1,0.25
Gli2,Meox1,1,0.25
E2f6,Steap1,-1,0.25
E2f6,Pclaf,-1,0.25
E2f4,Donson,1,0.25
Dmtf1,Smad4,1,0.25
Ctcf,Ugt1a9,-1,0.25
Ctcf,Lpcat3,-1,0.25
Ctcf,Fgf17,1,0.25
Twist1,Nf1,-1,0.25
Twist1,Pfdn4,-1,0.25
Twist1,Rap1a,-1,0.25
Twist1,Rbl2,-1,0.25
Ctcf,Egln2,1,0.25
Twist2,Akr1c21,1,0.25
Ctcf,Cryaa,1,0.25
Twist2,Atm,1,0.25
Foxa1,Tf,1,0.25
Foxm1,G6pc1,1,0.25
Foxm1,Pdgfa,1,0.25
Foxo4,Stk11,1,0.25
Twist1,Ctps1,1,0.25
Twist1,Dnm3,1,0.25
Twist1,Erbb3,-1,0.25
Twist1,F2r,-1,0.25
Twist1,Fn1,1,0.25
Twist1,Gdf15,1,0.25
Twist1,Icam1,1,0.25
Twist2,Cd44,1,0.25
Twist1,Ilk,-1,0.25
Twist1,Mapk1,1,0.25
Twist1,Mapk3,1,0.25
Twist1,Myb,-1,0.25
Gata2,F2rl3,1,0.25
Gata2,Crebl2,-1,0.25
Gata2,Q3UUX7,1,0.25
Gata1,Asic4,1,0.25
Twist1,Itgb1,1,0.25
Twist1,Cd44,1,0.25
Twist2,Cdh2,-1,0.25
Twist2,Erbb3,-1,0.25
Usf1,Cd40lg,1,0.25
Usf2,Ascl2,-1,0.25
Usf2,Cxcr2,1,0.25
Usf2,Cd40lg,1,0.25
Vdr,Cd14,1,0.25
Vdr,Cst10,1,0.25
Vdr,Dkk4,-1,0.25
Vdr,Il6,-1,0.25
Vdr,Skp2,-1,0.25
Vdr,Tnfrsf21,1,0.25
Vdr,Tpt1,1,0.25
Wt1,Camp,-1,0.25
Wt1,Cd14,1,0.25
Foxo3,Grb14,1,0.25
Wt1,Ckm,1,0.25
Usf1,Foxa2,1,0.25
Cebpb,Amacr,1,0.25
Usf1,Ascl2,-1,0.25
Twist2,Runx2,-1,0.25
Twist2,F2r,-1,0.25
Twist2,Fn1,1,0.25
Ctcf,Q99M08,-1,0.25
Twist2,Fos,1,0.25
Twist2,Gdf15,1,0.25
Twist2,Icam1,1,0.25
Twist2,Ilk,-1,0.25
Twist2,Ctps1,1,0.25
Cebpe,Proc,1,0.25
Cebpe,G6pc1,1,0.25
Cebpe,Apob,1,0.25
Twist2,Myb,-1,0.25
Twist2,Nf1,-1,0.25
Twist2,Pfdn4,-1,0.25
Twist2,Rap1a,-1,0.25
Twist2,Rbl2,-1,0.25
Twist2,Itgb1,1,0.25
Wt1,Dnmt3a,1,0.25
Twist1,Atm,1,0.25
Trerf1,Lilrb4b,-1,0.25
Stat3,Il2,1,0.25
Stat3,Jak2,1,0.25
Stat3,Oas1a,-1,0.25
Stat3,Pax3,-1,0.25
Stat3,Psmb5,1,0.25
Stat3,S1pr1,1,0.25
Stat3,Shh,1,0.25
Stat3,Ucp2,-1,0.25
Stat3,Vdr,-1,0.25
Stat5a,Sumo1,-1,0.25
Stat6,Cyp2e1,1,0.25
Gata2,Tnfrsf19,1,0.25
Stat6,Il1r1,1,0.25
Tal1,Mycn,1,0.25
Tbp,Il6,-1,0.25
Stat3,Ifng,-1,0.25
Max,Ptpa,1,0.25
Stat3,Gast,1,0.25
Stat3,Flt3,1,0.25
Srf,Plg,1,0.25
Srf,Smn1,1,0.25
Srf,Ube2s,1,0.25
Stat2,Ptgs2,1,0.25
Sp1,Meox2,1,0.25
Rela,Pink1,1,0.25
Nfya,Cdca8,1,0.25
Tbx21,Ccr4,-1,0.25
Nfic,Serpina3m,1,0.25
Nfic,Serpina3c,1,0.25
Stat3,Ccn2,-1,0.25
Stat3,Ddit3,-1,0.25
Stat3,F2r,1,0.25
Neurod1,Myog,1,0.25
Mitf,Scyl1,1,0.25
Stat3,Fgf1,-1,0.25
Nfic,Serpina3k,1,0.25
Twist1,Akr1c21,1,0.25
Tbx21,Il13,-1,0.25
Gata2,Tfr2,1,0.25
Tfdp1,Tp53,-1,0.25
Tgif1,Serpine1,-1,0.25
Thra,Serpinc1,-1,0.25
Tlx1,Nr4a3,1,0.25
Gata2,P2rx6,1,0.25
Gata2,Mapkapk3,1,0.25
Gata2,Hexim1,1,0.25
Tp53,Foxm1,-1,0.25
Tp53,Ipo7,-1,0.25
Tp53,Reep5,-1,0.25
Tp53,Uhrf1bp1,1,0.25
Trerf1,Cd40,-1,0.25
Trerf1,Cd80,-1,0.25
Trerf1,Cd86,-1,0.25
Trerf1,Lilrb4a,-1,0.25
Gata2,Pigs,-1,0.25
Tfcp2,Spp1,1,0.25
Gata2,Prr19,1,0.25
Tfap2a,Sult1e1,1,0.25
Tcf3,Myc,1,0.25
Gata2,Tef,1,0.25
Tcf4,Cntnap2,1,0.25
Tcf4,Heca,-1,0.25
Tcf4,Mitf,-1,0.25
Tcf4,Notum,1,0.25
Gata2,Star,-1,0.25
Tbx21,Ptgdr2,-1,0.25
Gata2,Spink4,1,0.25
Tcf4,Vegfa,1,0.25
Gata2,Sirt2,1,0.25
Gata2,Raver1,1,0.25
Tcf7l2,Heca,-1,0.25
Tcf7l2,Stard7,1,0.25
Tead1,Atp6v0a2,1,0.25
Tfap2a,Dcbld2,1,0.25
Tcf4,Pten,-1,0.25
Wt1,Hbegf,1,0.25
Wt1,Itgax,1,0.25
Xbp1,Erp29,-1,0.25
Gli1,Usp7,1,0.25
Stat3,Fga,1,0.25
Stat3,Lonp1,1,0.25
Creb1,Dct,1,0.25
Creb1,Thbs1,-1,0.25
Gli2,Abca1,-1,0.25
Gli2,Add3,1,0.25
Gli2,Akap4,-1,0.25
Gli2,Atp10b,-1,0.25
Gli2,Atp9a,-1,0.25
Gli2,Bcl6,-1,0.25
Gli2,Blvra,-1,0.25
Gli2,Bmp1,-1,0.25
Gli2,Bmp7,-1,0.25
Gli2,Brd2,1,0.25
Gli1,Tst,1,0.25
Gli1,Tsc22d1,-1,0.25
Gli1,Tp53,1,0.25
Gli1,Tom1,-1,0.25
Gli1,Myc,-1,0.25
Gli1,Mycl,1,0.25
Gli1,Myo15a,1,0.25
Gli1,Myo1e,-1,0.25
Gli1,Npdc1,1,0.25
Gli1,Npm1,1,0.25
Gli1,Ntrk2,-1,0.25
Gli2,Camk1,1,0.25
Gli1,Pltp,1,0.25
Gli1,Prpsap1,1,0.25
Gli1,Rgs16,1,0.25
Gli1,Sgk1,-1,0.25
Gli1,Sh3glb1,-1,0.25
Gli1,Slc19a1,1,0.25
Gli1,Spp1,1,0.25
Gli1,Synm,-1,0.25
Gli1,Prkch,-1,0.25
Gli1,Mtus1,-1,0.25
Gli2,Ccl17,1,0.25
Gli2,Cdc45,1,0.25
Gli2,Hspa4,1,0.25
Gli2,Igfbp3,-1,0.25
Gli2,Il13,-1,0.25
Gli2,Il1r2,1,0.25
Gli2,Il6,1,0.25
Gli2,Ilf3,1,0.25
Gli2,Irf9,-1,0.25
Gli2,Itga6,-1,0.25
Gli2,Itgb1,1,0.25
Gli2,Jag1,-1,0.25
Gli2,Junb,-1,0.25
Gli2,Lamb3,-1,0.25
Gli2,Mad2l1,1,0.25
Gli2,Map3k4,-1,0.25
Gli2,Mapk6,-1,0.25
Gli2,Hpgd,-1,0.25
Gli2,H2-T23,-1,0.25
Gli2,P04224,-1,0.25
Gli2,H2-Ea,-1,0.25
Gli2,Cdc7,1,0.25
Gli2,Cdk1,1,0.25
Gli2,Cdkn1a,-1,0.25
Gli2,Cflar,1,0.25
Gli2,Cks1b,1,0.25
Gli2,Clk1,-1,0.25
Gli2,Clk2,1,0.25
Gli2,Ccng2,-1,0.25
Gli2,Cntn2,1,0.25
Gli2,Dlx3,-1,0.25
Gli2,Dlx5,-1,0.25
Gli2,E2f1,1,0.25
Gli2,Edn1,1,0.25
Gli2,Efna1,-1,0.25
Gli2,Egfr,-1,0.25
Gli2,Fzd6,-1,0.25
Gli2,Ctr9,-1,0.25
Gli1,Mmp13,-1,0.25
Gli1,Mgmt,1,0.25
Gli1,Kidins220,-1,0.25
Yy1,Vegfb,1,0.25
Zbtb16,Bcl2,-1,0.25
Zbtb16,Bid,-1,0.25
Zbtb16,Sox9,1,0.25
Zbtb2,Arf1,-1,0.25
Zbtb2,Cdkn1a,-1,0.25
Zbtb2,Mdm2,1,0.25
Zbtb2,Tp53,-1,0.25
Zbtb7a,Fos,-1,0.25
Zbtb7a,Myc,-1,0.25
Zeb1,Cxadr,-1,0.25
Zeb1,Pou5f1,1,0.25
Zeb2,Cxadr,-1,0.25
Zeb2,Pou5f1,1,0.25
Zic1,Bcl2l13,1,0.25
Yy1,Tfap2a,1,0.25
Yy1,Pdia6,-1,0.25
Yy1,Nf1,1,0.25
Yy1,Fcer1a,1,0.25
Xbp1,Esr1,1,0.25
Ybx1,Anapc4,-1,0.25
Ybx1,Ccnc,-1,0.25
Ybx1,Cdc20,-1,0.25
Ybx1,Cdkn3,1,0.25
Ybx1,Cks2,-1,0.25
Ybx1,Cxcr4,1,0.25
Zic1,Eif3m,1,0.25
Ybx1,Erbb3,1,0.25
Ybx1,Mycn,1,0.25
Ybx1,Rad9a,1,0.25
Ybx1,Skp2,-1,0.25
Ybx1,Tyms,-1,0.25
Yy1,Actc1,-1,0.25
Yy1,Apc,-1,0.25
Yy1,Dbh,1,0.25
Ybx1,Mnat1,-1,0.25
Zic1,Tlcd3a,1,0.25
Zic1,Jund,1,0.25
Zic2,Tcf4,-1,0.25
Rbpj,Smtn,-1,0.25
Rbpj,Spi1,1,0.25
Gli1,Alcam,-1,0.25
Gli1,Ccpg1,-1,0.25
Gli1,Cp,1,0.25
Gli1,Cxcr4,1,0.25
Gli1,Dars2,-1,0.25
Rbpj,Skp2,1,0.25
Gli1,Dnajb9,-1,0.25
Gli1,Emb,-1,0.25
Gli1,Foxa1,-1,0.25
Gli1,Gatm,-1,0.25
Gli1,Gosr1,-1,0.25
Gli1,Itih3,1,0.25
Gli1,Jup,-1,0.25
Gli1,Kank1,-1,0.25
Gli1,Drg2,1,0.25
Gli2,Mmp10,-1,0.25
Rbpj,Psen1,-1,0.25
Rbpj,Mcm2,-1,0.25
Znf143,Pcyt1a,1,0.25
Znf382,Ikbke,-1,0.25
Znf382,Jun,-1,0.25
Znf382,Mitf,-1,0.25
Znf382,Myc,-1,0.25
Znf382,Nfkb1,-1,0.25
Znf382,Stat3,-1,0.25
Rbpj,Mcm6,-1,0.25
Znf382,Stat5b,-1,0.25
Znf76,Pcyt1a,1,0.25
Rbpj,Acta2,-1,0.25
Rbpj,Cdkn1a,1,0.25
Rbpj,Cdkn1b,1,0.25
Rbpj,Dll4,1,0.25
Rbpj,Fjx1,1,0.25
Rbpj,Gata2,1,0.25
Zfp383,Jun,-1,0.25
Pax5,Met,1,0.25
Sox17,Serbp1,-1,0.25
Pax5,Ccnd1,-1,0.25
Cdx2,Tff3,1,0.25
Nkx3-1,Ar,-1,0.25
Clock,Nr0b2,1,0.25
Sox9,Ar,1,0.25
Stat6,Ptgs2,1,0.25
Rela,Nos1,1,0.25
Smad3,Pax6,-1,0.25
Spi1,Ccl12,1,0.25
Rara,Abcc3,-1,0.25
Nr4a2,Mmp1a,-1,0.25
Sp1,Sox9,1,0.25
Cdx2,Igfbp3,-1,0.25
Smad4,Cldn1,-1,0.25
Satb1,Sparc,1,0.25
Tfap2a,Brs3,1,0.25
Sp1,Timp3,1,0.25
Nfkb1,Bace1,-1,0.25
Rela,Bace1,-1,0.25
Sox6,Ccnd1,-1,0.25
Hif1a,Ccr7,1,0.25
Ar,Psap,1,0.25
Myc,Bmi1,1,0.25
Mafa,Pc,1,0.25
Rela,Bhmt,-1,0.25
Tfap2b,Adipoq,-1,0.25
Arnt,Hif1a,1,0.25
Stat3,Tyk2,-1,0.25
Nfib,Mbp,1,0.25
Foxc1,Fgf15,1,0.25
Ebf3,Cdkn1a,1,0.25
Stat6,Cnr1,1,0.25
Runx2,Nell1,1,0.25
Creb1,Spp1,1,0.25
Satb1,Bcl2,1,0.25
Pou5f1,Bmp4,-1,0.25
Pou5f1,Dkk1,-1,0.25
Pou5f1,Thy1,1,0.25
Prox1,Cdkn1b,1,0.25
Prox1,Cdkn1c,1,0.25
Nr5a1,Pbx1,1,0.25
Pbx1,Hoxb1,1,0.25
Rela,Abca1,-1,0.25
Klf6,Lama1,1,0.25
Dnmt1,Gad1,-1,0.25
Nfkb1,Yy1,-1,0.25
Rela,Yy1,-1,0.25
Lhx2,Tshb,1,0.25
Sp1,B4galt5,1,0.25
Klf8,Cdh1,1,0.25
Atf6,Nucb1,1,0.25
Wt1,Ndrg2,1,0.25
Nr1i2,Fgf15,1,0.25
Stat3,Cd46,1,0.25
Crem,Mc2r,1,0.25
Creb1,Mc2r,1,0.25
Crx,Rbp3,1,0.25
Nkx3-1,Ccnd1,-1,0.25
Pparg,Ren1,-1,0.25
E2f2,Pcsk6,1,0.25
E2f3,Pcsk6,1,0.25
Znf24,Vegfa,-1,0.25
Nkx2-1,Abca3,1,0.25
Nfatc3,Abca3,1,0.25
Srebf1,Abca3,1,0.25
E2f1,Ercc5,1,0.25
Yy1,Ercc5,1,0.25
Smad3,Cyp7a1,-1,0.25
Sp1,Ndufv2,1,0.25
Nfkb1,Bhmt,-1,0.25
Myc,H2-T23,1,0.25
Ar,Tmem270,-1,0.25
Etv4,Ccnd3,1,0.25
Bcl6,Pdcd2,-1,0.25
Znf143,Bub1b,1,0.25
E2f1,Foxo1,1,0.25
Hmga1,Ptgs2,1,0.25
Myc,Dkk1,-1,0.25
Myc,Sfrp1,-1,0.25
Ar,Etv1,1,0.25
Phox2a,Tlx2,1,0.25
Tbx3,Cdkn1a,-1,0.25
Erf,Utrn,-1,0.25
Stat3,Mmp9,-1,0.25
Snai2,Hpgd,-1,0.25
Elf1,Fli1,1,0.25
Pparg,Ciita,-1,0.25
Xbp1,Hspa5,1,0.25
Rest,Tph2,1,0.25
Nanog,Gata6,-1,0.25
Hmga1,Xpa,-1,0.25
Ar,Chrm1,-1,0.25
Stat3,Fgg,1,0.25
E2f1,Yy1,-1,0.25
Hes1,Map2,-1,0.25
Runx1,Ncam1,1,0.25
Klf5,Ccnd1,1,0.25
Ets1,Casp1,1,0.25
Sox2,Pax6,1,0.25
Runx3,Cdkn1a,1,0.25
Irf5,Pdlim7,-1,0.25
Nr1h4,Scarb1,1,0.25
Pparg,Tg,-1,0.25
Hey1,Gata4,-1,0.25
Hey1,Gata6,-1,0.25
Yy1,Pcna,1,0.25
Cebpb,Adh1,1,0.25
Pax6,Fabp7,1,0.25
Klf4,Tp53,1,0.25
Nr1h3,Abcg4,1,0.25
Sp1,Kiss1,1,0.25
Tfap2a,Kiss1,1,0.25
Sp1,Krt14,-1,0.25
Sp1,Casp8,1,0.25
Atf5,Ccnd3,1,0.25
Klf13,Ldlr,-1,0.25
Irf7,Cd80,1,0.25
Sp1,Serpinb5,1,0.25
Stat3,Tert,1,0.25
Gata6,Dab2,1,0.25
Jun,Tnfrsf1b,1,0.25
Hnf4a,Mmp7,1,0.25
Cdx2,Heph,1,0.25
Ar,Erbb2,1,0.25
Thra,Egfr,1,0.25
Isl1,Mef2c,1,0.25
Etv5,Icam1,1,0.25
Esr2,Insr,-1,0.25
Ascl1,Tph1,-1,0.25
Gzf1,Hoxa10,-1,0.25
Stat3,Ptpn6,-1,0.25
Esr1,Dct,1,0.25
Hmga1,Cd44,1,0.25
Gfi1,Cyp27b1,-1,0.25
Yy1,Atp2c1,1,0.25
Sp1,Atp2c1,1,0.25
Ahr,Ugt1a1,1,0.25
Hnf1a,Acat2,1,0.25
Runx1,Nf1,-1,0.25
Jun,Gclm,1,0.25
Sp1,Rassf1,1,0.25
Foxo1,Ostn,-1,0.25
Kcnip3,Slc8a3,-1,0.25
Nr0b1,Esrrg,-1,0.25
Ppara,Pdk4,1,0.25
Ar,Cyp7b1,-1,0.25
Spic,Il4,1,0.25
Ybx1,Erbb2,1,0.25
Nr1h4,Ins2,1,0.25
Atf4,Igfbp1,1,0.25
Pou5f1,Zfp42,1,0.25
Ets1,Rhoc,1,0.25
Sp1,Col11a2,1,0.25
E2f1,Diablo,1,0.25
Sp3,Col11a2,1,0.25
Rest,Th,1,0.25
Atf1,Mitf,1,0.25
Pgr,Ptgs2,-1,0.25
Stat3,Nanog,1,0.25
Hhex,Slc5a5,1,0.25
Snai1,Cldn3,-1,0.25
Mef2a,Mmp10,1,0.25
Dnmt1,Cdh1,-1,0.25
Fos,Slc10a2,-1,0.25
Sp7,Col11a2,1,0.25
Esrrg,Nr0b1,1,0.25
Sp1,Has2,-1,0.25
Cebpb,Oxtr,1,0.25
Srf,Serpine1,-1,0.25
Foxm1,Cdkn2a,-1,0.25
Spi1,Alox15,1,0.25
Pou1f1,Vdr,1,0.25
Rest,Nrp1,-1,0.25
Ar,Th,1,0.25
Nr1h4,Edn1,-1,0.25
Rela,Upp1,1,0.25
Egr1,Rad51,1,0.25
Wt1,Vegfa,1,0.25
Etv4,Rad51,1,0.25
Phox2b,Tlx2,1,0.25
E2f1,Pole3,1,0.25
Srebf1,Pcsk9,1,0.25
Stat6,Tlr4,-1,0.25
Crem,Ccl4,-1,0.25
Ar,Crh,-1,0.25
Creb1,Psenen,1,0.25
Jun,Tert,-1,0.25
Nr1h3,Cd36,1,0.25
Stat5a,Rad51,1,0.25
Snai1,Pebp1,-1,0.25
Ar,Dcaf6,1,0.25
Sp1,Dcaf6,1,0.25
Foxl2,Cyp11a1,-1,0.25
Dnmt1,Cxcr4,-1,0.25
Hif1a,Xpc,1,0.25
Stat3,Prdm1,1,0.25
Foxo1,Cxcr4,1,0.25
Pax3,Cxcr4,1,0.25
Foxa2,Sox14,1,0.25
Hif1a,Reck,-1,0.25
Cebpb,Slc5a8,1,0.25
Foxl2,Ccnd2,-1,0.25
Sp1,Slc5a8,1,0.25
Cebpb,Gdf15,1,0.25
Klf6,Pttg1,-1,0.25
Pgr,E2f1,1,0.25
Wt1,Stim1,-1,0.25
Satb1,Gata3,1,0.25
Cdx2,Elmo3,1,0.25
Sp1,Elmo3,1,0.25
Tcf4,Myc,1,0.25
Foxo4,Creb1,1,0.25
Foxo1,Fabp4,1,0.25
Foxo4,Hif1a,-1,0.25
Nfkb1,Flt4,1,0.25
Pparg,Slc9a1,-1,0.25
Zbtb5,Cdkn1a,-1,0.25
Dlx5,Myc,1,0.25
Srebf2,Pon2,1,0.25
Hnf1a,Aldob,1,0.25
Hif1a,Ace2,-1,0.25
Hif1a,Ace,1,0.25
Sp1,Cdc25a,1,0.25
Hsf1,Ldha,1,0.25
Klf2,Cxcr4,-1,0.25
Nr2e3,Rho,1,0.25
Tcf3,Exo1,-1,0.25
Runx2,Snai2,1,0.25
E2f1,Oprm1,1,0.25
Irf3,Socs2,1,0.25
Mbd1,Alox5,-1,0.25
Sp1,Terf2,1,0.25
Pax5,Tert,1,0.25
Gata1,Cbfb,-1,0.25
E2f1,Pttg1,1,0.25
Nkx2-1,Ret,-1,0.25
Yy1,Gdap1,1,0.25
Nr5a1,Cited2,1,0.25
Zeb1,Bcl6,-1,0.25
Mycn,Bmi1,1,0.25
Creb1,Ppp2r2b,1,0.25
Sp1,Ppp2r2b,1,0.25
Tfap4,Ppp2r2b,-1,0.25
Spdef,Mmp9,-1,0.25
Erg,Cxcr4,1,0.25
Hbp1,Cdkn2a,1,0.25
Hsf1,Cdkn1a,-1,0.25
Gli1,Cdk2,1,0.25
Ddit3,Atf5,-1,0.25
Sox9,Best1,1,0.25
Irf8,Gas2,-1,0.25
Znf382,Cdk6,-1,0.25
Atf3,Adipor1,-1,0.25
Jun,Ccn2,-1,0.25
Nrf1,Slc46a1,1,0.25
Klf4,Cdh5,1,0.25
Tsc22d1,Cnp,1,0.25
E2f1,Elf4,1,0.25
Elf4,Tp53,-1,0.25
Yy1,Cox7c,1,0.25
Etv6,Gas2,-1,0.25
Nr1i2,Thrsp,1,0.25
Satb1,Il5,-1,0.25
E2f1,Angpt2,1,0.25
Nr2f2,Tfap2a,1,0.25
E2f1,Serpinb5,1,0.25
Wt1,Cxxc5,1,0.25
Yy1,Zfp42,1,0.25
Wt1,Irf8,-1,0.25
Nfe2l2,Cftr,1,0.25
Atf2,Retn,1,0.25
Ncoa1,Epo,1,0.25
Ncoa3,Epo,1,0.25
Nrl,Rbp3,-1,0.25
Sp1,Foxm1,1,0.25
Atf3,Adipor2,-1,0.25
Mycn,Skp2,-1,0.25
Sp3,Foxp3,-1,0.25
Rela,Foxp3,1,0.25
Hoxa10,Klf9,-1,0.25
Pparg,Erp44,1,0.25
Znf24,Pdgfrb,-1,0.25
Atf4,Map1lc3b,1,0.25
Egr1,Fap,1,0.25
Klf4,Gdf15,-1,0.25
Jun,Ldha,1,0.25
Sox9,Rxfp2,1,0.25
Foxd3,Mitf,-1,0.25
Bhlhe41,Mlh1,-1,0.25
Bcl6,Chek1,-1,0.25
Klf4,Hspa8,1,0.25
Sp1,Cd2ap,1,0.25
Jdp2,Ddit3,-1,0.25
Sox2,Lhx3,1,0.25
Ctcfl,Bag1,1,0.25
Junb,Il4,1,0.25
E2f3,Plk4,1,0.25
Jun,Sp3,1,0.25
Hnf1a,Fabp2,1,0.25
Sox9,Nr5a1,1,0.25
Cebpb,Prss50,1,0.25
Tcf3,Pou5f1,-1,0.25
L3mbtl1,Runx1,-1,0.25
Sp3,Sox18,-1,0.25
Znf148,Sox18,-1,0.25
Twist1,Ybx1,1,0.25
Sp1,Prnp,1,0.25
Nr1h4,Dcn,1,0.25
Ar,Pc,1,0.25
Sp1,Dapk2,1,0.25
Tfap2a,Pten,1,0.25
Ppard,Pdk4,1,0.25
Sp1,Cldn3,1,0.25
Stat2,Nos2,1,0.25
Mxd1,Pten,-1,0.25
Zbtb16,Crabp1,1,0.25
Dnmt1,Cdkn2a,-1,0.25
Tp53,Casp7,1,0.25
Nfatc1,Sp1,-1,0.25
Gcm1,Pgf,1,0.25
Jund,Ccnd1,1,0.25
Rela,Cxcl12,1,0.25
Nr2c2,Lhcgr,1,0.25
Creb1,Nr5a2,1,0.25
Stat3,Tp63,1,0.25
Crem,Slc5a5,1,0.25
Myb,Ints7,-1,0.25
Hif1a,Sdhb,-1,0.25
Atf3,Ifng,1,0.25
Srebf2,Npc1,1,0.25
Irf2,Ifngr1,-1,0.25
Elf3,Mmp9,-1,0.25
Smad3,Fst,1,0.25
Mlxipl,Txnip,1,0.25
E2f1,Nox4,1,0.25
Zbtb16,Cxcr4,1,0.25
Jun,Becn1,1,0.25
Mbd1,Irf8,-1,0.25
Klf14,Tgfbr2,-1,0.25
Runx2,Col10a1,1,0.25
Pgr,Klk4,1,0.25
Stat3,Sall4,1,0.25
Ybx1,Met,1,0.25
Arnt,Ca9,1,0.25
Prox1,Ifng,-1,0.25
Elk1,Runx2,1,0.25
Srebf2,Hnf4a,-1,0.25
Jdp2,Atf3,-1,0.25
Foxo3,Foxo4,1,0.25
Foxo3,Foxm1,-1,0.25
E2f1,Egr1,1,0.25
Ddit3,Ankrd1,-1,0.25
Foxo3,Ppargc1a,1,0.25
Stat3,Dnmt1,1,0.25
Stat3,Pten,1,0.25
Tp53,Cryab,1,0.25
Prox1,Ccne1,1,0.25
Klf4,Cdkn1b,1,0.25
Sp1,Cdk4,1,0.25
Sox9,Sox10,-1,0.25
Gata4,Ccnd2,1,0.25
Stat3,Lgals3bp,-1,0.25
Zbtb7a,Cdkn2a,-1,0.25
Hsf1,Serpine1,1,0.25
Klf5,Mmp9,1,0.25
Nfe2l2,Krt16,1,0.25
Sp1,Wif1,-1,0.25
Esr2,Brca2,-1,0.25
Nfe2l2,Sod2,1,0.25
Yy1,Hoxb13,-1,0.25
Cdx1,Ptgs2,1,0.25
Sp3,Lpl,1,0.25
Tfap4,Cdkn1a,1,0.25
Foxo1,Egr1,-1,0.25
Ppara,Txnip,-1,0.25
Crx,Best1,1,0.25
Otx2,Best1,1,0.25
Nr4a3,Pparg,-1,0.25
Crx,Rs1,1,0.25
Sp1,Loxl4,1,0.25
Foxo1,Adipor1,1,0.25
Foxo3,Sirt6,1,0.25
Tbx3,Cdkn2a,-1,0.25
Tbp,Fos,1,0.25
Irf1,Bcl2,-1,0.25
Tp53,Nkx3-1,-1,0.25
Dnmt1,Rb1,-1,0.25
Nr0b1,Cyp19a1,-1,0.25
Sp1,Eng,1,0.25
Srebf1,Pck1,-1,0.25
Onecut2,Mitf,1,0.25
Hbp1,Ccnd1,-1,0.25
Smad3,Mmp1a,1,0.25
Jun,Ar,-1,0.25
Tfap2a,Lnpep,1,0.25
Pax6,Six3,1,0.25
Smad3,Selenop,-1,0.25
Tfcp2,Pax6,1,0.25
Satb1,Cybb,-1,0.25
Bcl6,Cdkn1a,-1,0.25
Yy1,Il4,1,0.25
Sp1,Tlr2,1,0.25
Rela,Tlr2,1,0.25
Fosb,Timp1,-1,0.25
Sp1,Kel,-1,0.25
Nr1i2,Abcb1a,1,0.25
Dnmt1,Tert,1,0.25
Tcf3,Cdkn1a,1,0.25
Irf2,Ifnb1,1,0.25
Stat3,Tgfb1,1,0.25
Rbpj,Nfkb2,1,0.25
Nr0b1,Cyp17a1,-1,0.25
Hmga1,Insr,1,0.25
Elf1,Tek,1,0.25
Mef2c,Mapk7,1,0.25
Sp1,Park7,1,0.25
Ahr,Ahrr,1,0.25
Sp1,Mdm2,1,0.25
Nr0b1,Amh,-1,0.25
Sp1,Pdx1,1,0.25
Fli1,Col1a2,-1,0.25
Stat3,Hgf,1,0.25
Znf239,Rbp3,-1,0.25
Hes1,Cd4,-1,0.25
Sp1,P2rx4,-1,0.25
Tcf3,Cdh1,-1,0.25
Tbp,Bcl2,-1,0.25
Sp1,Ccna2,-1,0.25
Cdx1,Pcna,1,0.25
Crem,Faslg,-1,0.25
Hnf1a,Pah,1,0.25
Jun,Mef2d,1,0.25
Gata4,Pdgfb,1,0.25
Ar,Pten,1,0.25
Stat6,Fcer2,1,0.25
Sp1,Dnmt1,1,0.25
Rel,Sod2,1,0.25
Nfya,Hoxb4,1,0.25
Msx2,Bglap,-1,0.25
Msx2,Bglap3,-1,0.25
Gata5,Lct,-1,0.25
Msx2,Bglap2,-1,0.25
Nkx3-1,Fos,-1,0.25
Nr1h3,Pltp,1,0.25
Mef2d,Cd14,1,0.25
Wt1,Cyp19a1,-1,0.25
Rest,Tac1,-1,0.25
Klf4,Odc1,-1,0.25
Elf1,Cd3d,1,0.25
E2f2,Tert,-1,0.25
E2f3,Tert,-1,0.25
Esr2,Crh,-1,0.25
Rara,Fgfbp1,1,0.25
Ebf1,Vpreb1,1,0.25
Hand2,Nppa,1,0.25
Atf3,Mmp2,-1,0.25
Rela,Pten,1,0.25
Sp3,Bsg,1,0.25
Sp1,Abca1,1,0.25
E2f1,Mcl1,-1,0.25
Tp53,Mcl1,-1,0.25
E2f2,Cdkn2a,1,0.25
Foxd3,Spp1,1,0.25
Pou5f1,Spp1,1,0.25
Ebf1,Vpreb2,1,0.25
Nr1h3,Abcg5,1,0.25
Wt1,Ccne1,-1,0.25
Stat3,Mmp7,1,0.25
Sp1,Papss2,1,0.25
Cdx1,Cldn2,1,0.25
Cdx2,Cldn2,1,0.25
Hnf1a,Cldn2,1,0.25
Mbd2,Gstp1,-1,0.25
Mbd2,Gstp2,-1,0.25
Crem,Creb1,-1,0.25
Cebpa,Retn,1,0.25
Tp53,Ccnb2,-1,0.25
Stat3,Pias3,1,0.25
Sp1,Slc29a1,-1,0.25
Myc,Fn1,-1,0.25
Gata1,Prg2,1,0.25
Stat3,Hspa4,1,0.25
E2f1,Sp1,1,0.25
Znf148,Gast,1,0.25
Irf8,Il1b,1,0.25
Sp1,Nfkbia,1,0.25
Sp1,Reck,1,0.25
Nr5a1,Scarb1,1,0.25
Ybx1,Abcb1a,1,0.25
Sp3,Lhcgr,1,0.25
Myc,Kat2b,1,0.25
Rest,Avp,1,0.25
Irf1,Ncf2,1,0.25
Dnmt1,Vegfa,1,0.25
Stat6,Ccl11,1,0.25
Cebpb,Igf1,1,0.25
Sp1,Tnc,1,0.25
Nr5a1,Inha,1,0.25
Sp1,Cxcl14,1,0.25
Hnf1b,Ins2,1,0.25
Plag1,Igf2,1,0.25
Nr0b1,Star,-1,0.25
Nrf1,Cxcr4,1,0.25
Rela,Fas,1,0.25
Mtf1,Mcat,1,0.25
Hbp1,Cdkn1a,-1,0.25
Jun,Mapk8,1,0.25
Phox2a,Dbh,1,0.25
Rbpj,Myod1,-1,0.25
Irf1,Ifng,1,0.25
Runx2,Bglap,1,0.25
Runx2,Bglap3,1,0.25
Phox2b,Dbh,1,0.25
Runx2,Bglap2,1,0.25
Tp53,Mmp1a,-1,0.25
Hsf1,Il1b,-1,0.25
Rel,Jag1,1,0.25
Rela,Jag1,1,0.25
Nr1h4,Cyp7a1,-1,0.25
Jun,Thbs1,1,0.25
Elf2,Tek,1,0.25
Stat6,Selp,1,0.25
Rbpj,Il6,1,0.25
Hnf1a,Lct,1,0.25
Arnt,Cyp1a1,1,0.25
Cebpd,Pparg,1,0.25
Yy1,Cftr,1,0.25
Rela,H2-K1,1,0.25
Rela,H2-D1,1,0.25
Myc,Surf1,1,0.25
Yy1,Surf1,1,0.25
Sp1,Por,1,0.25
Foxm1,Sftpb,1,0.25
Pax4,Gcg,-1,0.25
Ybx1,Fas,-1,0.25
Cebpa,Hsd11b1,1,0.25
Rela,H2-Q7,1,0.25
Cebpb,Hsd11b1,1,0.25
Tfap2a,Mcam,-1,0.25
Tp53,Bglap,1,0.25
Tp53,Bglap3,1,0.25
Tp53,Bglap2,1,0.25
Ddit3,Atf2,-1,0.25
Nkx3-1,Actg2,1,0.25
Crx,Rho,-1,0.25
Gata1,Mpl,1,0.25
Gata1,Spi1,-1,0.25
Myc,Cdkn2a,1,0.25
Pou1f1,Tshb,1,0.25
Rela,H2-Q10,1,0.25
Pitx3,Th,1,0.25
Myc,Kras,1,0.25
Zhx2,Afp,-1,0.25
Dr1,Tbp,-1,0.25
Gata4,Amh,1,0.25
Srebf1,Cav1,-1,0.25
Hsf1,Hsd17b6,-1,0.25
Gbx2,Il6,1,0.25
Tfap2a,Klf12,-1,0.25
Nr3c1,Cyp19a1,1,0.25
Sox9,Col2a1,1,0.25
Mxd1,Tert,1,0.25
Irf1,Myb,-1,0.25
Cebpa,Scgb1a1,1,0.25
Pdx1,Iapp,1,0.25
Foxm1,Slc2a2,1,0.25
Ets2,Mgat5,1,0.25
Mitf,Tbx2,1,0.25
Elf3,Krt4,-1,0.25
Znf148,Vim,-1,0.25
Smad3,Col1a2,1,0.25
Spi1,Mapk1,-1,0.25
Zbtb17,Cdkn1a,-1,0.25
Elf3,Timp3,1,0.25
Rfx1,Map1a,-1,0.25
Nr5a2,Star,1,0.25
Irf3,Abcc2,1,0.25
Crx,Nr2e3,1,0.25
Nrl,Nr2e3,1,0.25
Rela,Faslg,1,0.25
Esr1,Ccna2,1,0.25
Stat3,Il1rn,1,0.25
Gata6,Plau,-1,0.25
Klf15,Rho,-1,0.25
Klf6,Cdkn1a,1,0.25
Znf76,Cdkn1a,-1,0.25
Smad3,Gast,1,0.25
Smad4,Gast,1,0.25
Nr1h2,Apoe,1,0.25
Srebf1,Apoa5,-1,0.25
Sp1,Retn,1,0.25
Klf2,Cdkn1a,1,0.25
Irf9,Ccnd2,-1,0.25
Irf9,Cdkn1a,1,0.25
Irf9,Cdkn1b,1,0.25
Gata6,Cyp11a1,1,0.25
Sp1,Dnmt3a,1,0.25
Tbx5,Gja5,1,0.25
Sp2,Ceacam1,-1,0.25
Nr4a2,Spp1,1,0.25
Tbx2,Cdkn1a,-1,0.25
Cdx2,Ptgs2,-1,0.25
Hoxa10,Tp53,1,0.25
Mef2c,Myog,1,0.25
Foxl2,Star,-1,0.25
E2f1,Lrba,1,0.25
Dbp,Cyp7a1,1,0.25
Gli3,Smo,1,0.25
Sp1,Phgdh,1,0.25
Tead4,Vegfa,-1,0.25
Ctcf,Pax6,1,0.25
E2f1,Siva1,1,0.25
Runx2,Vegfa,1,0.25
Otx2,Pax6,1,0.25
Mef2a,Mapk14,1,0.25
Stat3,Mmp2,1,0.25
Nr5a2,Abcg5,1,0.25
Nr5a2,Abcg8,1,0.25
Sp2,Ceacam2,-1,0.25
Klf10,Itgad,1,0.25
Nr3c1,Tp53,-1,0.25
Sp1,Dnmt3b,1,0.25
Stat3,Map2k5,1,0.25
Dnmt1,Birc5,-1,0.25
Mbd1,Mgmt,-1,0.25
Rela,Hsd11b2,1,0.25
Gtf2i,Hspa5,1,0.25
Dnmt1,Reln,-1,0.25
Tp53,Recql4,1,0.25
Usf2,Apoa5,1,0.25
Sp1,Il6,1,0.25
Sox9,Col11a2,1,0.25
Rbpj,Dlk1,-1,0.25
Srebf1,Ptgs2,1,0.25
Pitx2,Lef1,1,0.25
E2f2,Ppp1r13b,1,0.25
E2f2,Tp53bp2,1,0.25
E2f3,Ppp1r13b,1,0.25
Klf2,Wee1,-1,0.25
Stat3,Ccl11,1,0.25
Etv4,Mmp14,1,0.25
Sp1,Hbegf,1,0.25
Tbpl1,Nf1,1,0.25
Mitf,Cdkn1a,-1,0.25
Yy1,Thbs1,-1,0.25
Hoxc6,Mme,-1,0.25
Klf4,Bdkrb2,1,0.25
Hmga1,Kl,1,0.25
Gata6,Sult2a1,1,0.25
Bhlhe41,Ccnd1,-1,0.25
Stat3,Oprm1,1,0.25
Srebf2,Pla2g6,1,0.25
Hnf1a,Apob,1,0.25
Spdef,Serpinb5,1,0.25
Nr3c1,Cdkn1a,1,0.25
Hnf1a,Cyp2e1,1,0.25
Hoxc6,Igfbp3,-1,0.25
Runx1,Itga2b,1,0.25
Nr3c1,Ugt1a1,1,0.25
Sp1,Ache,1,0.25
Junb,Cd82,1,0.25
Ppard,Hsd11b2,-1,0.25
Bcl6,Nfkb1,-1,0.25
Nfkb1,Bax,-1,0.25
Satb1,Hbb-y,1,0.25
Satb1,Hbb-bh1,1,0.25
Stat6,Hsd3b1,1,0.25
Nr1i2,Ugt1a1,1,0.25
Tbp,Nf1,-1,0.25
Creb1,Smad6,1,0.25
Srebf1,Pdx1,-1,0.25
Nr1h2,Pltp,1,0.25
Sp1,Pon1,1,0.25
Hmga1,Brca1,-1,0.25
Otx2,Tyr,1,0.25
Sp1,Hmga1,1,0.25
Rela,Crp,1,0.25
Elf1,Cd68,1,0.25
Nfkb1,Cxcr4,1,0.25
Sp1,Dnase2,1,0.25
Meis1,Pf4,1,0.25
Ybx1,Ccnb1,-1,0.25
Nr1h3,G6pc1,-1,0.25
Spdef,Sqstm1,1,0.25
Ddit3,Il6,1,0.25
Pparg,Faslg,1,0.25
Gata1,Gp9,1,0.25
Srebf1,Retn,1,0.25
Sp1,Cdk2,1,0.25
Tp53,Cdk2,-1,0.25
Nfkb1,Bmp2,1,0.25
Mitf,Oscar,1,0.25
Rela,Bmp2,1,0.25
Foxo1,Ppargc1a,1,0.25
Yy1,Ccr5,-1,0.25
Yy1,Cdc6,1,0.25
Irf1,Cdkn1a,-1,0.25
Sp1,Dbf4,1,0.25
Rela,Il1rn,1,0.25
Myb,Col1a2,1,0.25
Klf2,Pparg,-1,0.25
Nfya,Cbs,1,0.25
Gata2,Spi1,-1,0.25
Tcf7l2,Cdx1,1,0.25
Mef2a,Mapk7,1,0.25
Foxo1,Il6,1,0.25
Sp1,Hgf,1,0.25
Nfkb1,Mmp1a,1,0.25
Sox2,Fgf4,1,0.25
Pou5f1,Fgf4,1,0.25
Nr4a1,Tnf,-1,0.25
Thra,E2f1,1,0.25
Cdx2,Acat2,1,0.25
Tfap2a,Cd82,1,0.25
Stat3,Faah,1,0.25
Nr0b1,Nos1,1,0.25
Hinfp,Mbd2,-1,0.25
Sp1,Erbb2,1,0.25
Myc,Gata1,-1,0.25
Hif1a,Apex1,-1,0.25
Stat6,Col1a1,1,0.25
Klf4,Ccnb1,-1,0.25
Klf4,Lama1,1,0.25
Sp1,Mycn,1,0.25
Ncoa2,Ar,-1,0.25
Klf4,Hdc,-1,0.25
Nr5a2,Hsd3b1,1,0.25
Tfap2a,Mmp9,1,0.25
Smad1,Hey1,1,0.25
Ahr,Il6,1,0.25
Nfya,Ogg1,1,0.25
Hsf2,Tnfsf11,1,0.25
Sp1,Bace1,1,0.25
Pax6,Prox1,1,0.25
Plag1,Crlf1,1,0.25
Mxi1,Myc,-1,0.25
Esr2,Cdkn1a,1,0.25
Mycn,Abcc1,1,0.25
Gata1,Cda,1,0.25
Etv4,Tert,1,0.25
Mycn,Abcb1a,-1,0.25
Ar,Nfkb1,-1,0.25
Egr1,Tnfsf10,-1,0.25
Yy1,Ifng,1,0.25
Usf1,Agt,-1,0.25
Bcl6,Cd80,-1,0.25
Atf4,Hspa5,-1,0.25
Tp53,Prc1,-1,0.25
Stat6,Col1a2,1,0.25
Atf2,Polb,1,0.25
E2f6,Cbx5,-1,0.25
Foxa2,F2,1,0.25
Rest,Gjd2,-1,0.25
Sp1,F2,1,0.25
Nr2f1,Cyp17a1,-1,0.25
Cdx2,Cdkn1a,1,0.25
Gata1,Epor,1,0.25
Esr1,Amh,1,0.25
Jun,Csf1,1,0.25
Deaf1,Htr1a,-1,0.25
Hand2,Dbh,1,0.25
Egr1,Hpse,1,0.25
Fli1,Mmp1a,-1,0.25
Elk3,Myh6,-1,0.25
Pax5,Cdkn1a,1,0.25
Dlx4,Brca1,-1,0.25
Rest,Kcnq3,-1,0.25
Irf3,Mavs,1,0.25
Irf4,Irf3,-1,0.25
Irf9,Ncam1,1,0.25
Jun,Cck,1,0.25
Jun,Nampt,1,0.25
Jun,Nefl,1,0.25
Jun,Neil1,1,0.25
Jun,Rara,-1,0.25
Jun,Rarg,-1,0.25
Jun,Smn1,-1,0.25
Jun,Sox7,1,0.25
Jund,Bcl6,1,0.25
Jund,Mdm2,1,0.25
Jund,Ptgs2,1,0.25
Klf10,Serpine1,1,0.25
Klf10,Stmn1,-1,0.25
Klf15,Rbp3,-1,0.25
Klf16,Cdkn1a,-1,0.25
Klf2,Fabp5,-1,0.25
Irf1,Socs2,1,0.25
Irf1,E2f1,-1,0.25
Irf1,Cdk4,-1,0.25
Irf1,Cdk1,-1,0.25
Hoxa9,Nfkb1,-1,0.25
Nfkb1,Hoxa9,-1,0.25
Hoxa9,Rela,-1,0.25
Hoxb1,Tcf4,-1,0.25
Hoxb7,Ccnd1,1,0.25
Hoxb7,Cdkn1b,-1,0.25
Hoxb7,Dapk1,-1,0.25
Hoxb7,Mmp2,1,0.25
Hoxb7,Pdgfa,1,0.25
Klf4,Cd14,1,0.25
Hoxb7,Thbs2,-1,0.25
Hoxb7,Wnt5a,1,0.25
Hoxc10,Hoxb8,-1,0.25
Hoxc13,Dsg4,-1,0.25
Hoxc13,Spi1,-1,0.25
Hoxc9,Hoxb8,-1,0.25
Hsf1,Guca2b,-1,0.25
Hsf1,Mill2,1,0.25
Irf1,Ccnb1,-1,0.25
Irf1,Ccne1,-1,0.25
Hoxb7,Vegfa,1,0.25
Klf4,Cdkn1c,1,0.25
Klf4,Scn2a,1,0.25
Klf4,Krt19,1,0.25
Msc,Cdc25a,-1,0.25
Msc,Cdc6,-1,0.25
Msc,Ctla4,1,0.25
Msc,Foxp3,1,0.25
Msc,Ifng,1,0.25
Msc,Il2ra,1,0.25
Msc,Lta,-1,0.25
Msc,Mcm7,-1,0.25
Msx1,Dlk1,1,0.25
Mitf,Cd40lg,1,0.25
Msx1,Hey1,1,0.25
Msx2,Bcl2,-1,0.25
Msx2,Cdh2,-1,0.25
Msx2,Nkx3-1,1,0.25
Msx2,Sod1,1,0.25
Mtf1,Prnp,1,0.25
Mtf1,Sod1,1,0.25
Myb,Cdo1,1,0.25
Myb,Clec4g,1,0.25
Myb,Csf3r,-1,0.25
Msx1,Notch3,1,0.25
Hoxa9,Mycn,1,0.25
Mef2a,Nrf1,1,0.25
Mecp2,Reln,-1,0.25
Klf4,Lxn,-1,0.25
Klf4,Mmp2,1,0.25
Klf5,Ccnb1,1,0.25
Klf5,Cxcr4,1,0.25
Klf5,Hif1a,1,0.25
Klf5,Itgb2,1,0.25
Klf6,Ccnd1,-1,0.25
Klf8,Cdh2,-1,0.25
Klf8,Epsti1,1,0.25
Mecp2,Tff1,-1,0.25
Klf8,Fn1,-1,0.25
Lef1,Dsg4,-1,0.25
Lef1,Oca2,1,0.25
Lmx1b,Col4a4,1,0.25
Lmx1b,Tcf3,1,0.25
Lyl1,Nfkb1,-1,0.25
Mbd2,Nanog,-1,0.25
Mecp2,Ccnd1,-1,0.25
Mecp2,Gad1,-1,0.25
Mecp2,Igfbp3,-1,0.25
Klf8,Vim,-1,0.25
Hoxa9,Id2,1,0.25
Hoxa9,Arhgef1,1,0.25
Hoxa7,Vim,1,0.25
Foxg1,Cdkn1a,-1,0.25
Foxh1,Ar,-1,0.25
Foxm1,Ar,1,0.25
Foxm1,Btg2,1,0.25
Foxm1,Fgb,-1,0.25
Foxn1,Dsg4,-1,0.25
Foxo1,Ar,-1,0.25
Foxq1,Bcl11a,1,0.25
Foxq1,Rspo2,1,0.25
Foxf2,Wasf2,1,0.25
Foxq1,Twist1,1,0.25
Foxq1,Wnt3a,1,0.25
Gata1,Bach1,1,0.25
Gata1,Cebpa,-1,0.25
Gata1,Gp1bb,1,0.25
Gata1,Ptgfr,-1,0.25
Gata3,Cdh3,-1,0.25
Gata3,Foxc2,-1,0.25
Gata3,Hsd17b1,-1,0.25
Gata3,Stat4,-1,0.25
Foxq1,Vegfa,1,0.25
Gata4,Fabp2,1,0.25
Foxf2,Pdgfa,-1,0.25
Foxf2,Cxcl12,1,0.25
Evx1,Gsc,-1,0.25
Fli1,Foxm1,1,0.25
Fli1,Il10,1,0.25
Fos,Casp9,1,0.25
Fos,Cck,1,0.25
Fos,Fmo4,1,0.25
Fos,Sox7,1,0.25
Fos,Spi1,-1,0.25
Fosl1,Itgav,-1,0.25
Foxf2,Itgb1,-1,0.25
Fosl2,Mdm2,1,0.25
Fosl2,Timp1,-1,0.25
Foxa1,Serpinc1,-1,0.25
Foxa2,Nr5a2,1,0.25
Foxa2,Pax6,-1,0.25
Foxa2,Serpinc1,-1,0.25
Foxd3,Cyfip2,1,0.25
Foxd3,Rarb,1,0.25
Foxe1,Msx1,1,0.25
Foxf2,Bambi,1,0.25
Fosl2,Myb,1,0.25
Myb,Icam1,-1,0.25
Gata4,Hdac9,-1,0.25
Gcm2,Casr,1,0.25
Hif1a,Ptges,1,0.25
Hif1a,Setd2,1,0.25
Hif1a,Slc29a1,-1,0.25
Hif1a,Timp2,1,0.25
Hif1a,Vim,1,0.25
Hif1a,Wasf3,1,0.25
Hmga1,Pou1f1,1,0.25
Hnf1a,Tm4sf1,-1,0.25
Hnf1b,Umod,1,0.25
Hif1a,Mmp2,-1,0.25
Hnf4g,Afp,1,0.25
Hoxa10,Cdkn1c,-1,0.25
Hoxa10,Id2,1,0.25
Hoxa10,Il11,-1,0.25
Hoxa10,Il15,1,0.25
Hoxa10,Mycn,-1,0.25
Hoxa10,Snai1,-1,0.25
Hoxa5,Arhgef1,1,0.25
Hoxa7,Cdh1,1,0.25
Hoxa7,Krt10,1,0.25
Hoxa10,Bhlhe22,1,0.25
Gata4,Iapp,1,0.25
Hif1a,Hbegf,1,0.25
Hif1a,Bid,-1,0.25
Gli1,Ccn1,1,0.25
Gli1,Fas,-1,0.25
Gli1,H2ax,-1,0.25
Gli2,Foxf1,1,0.25
Gli2,H2ax,-1,0.25
Gli2,Pdgfra,1,0.25
Gtf3a,Bag3,1,0.25
Hand2,Phox2a,1,0.25
Hes6,Ascl1,-1,0.25
Hif1a,Cdh1,-1,0.25
Hey1,Acta2,-1,0.25
Hey2,Gata4,-1,0.25
Heyl,Ar,-1,0.25
Hic1,Lrp8,-1,0.25
Hic1,Myc,-1,0.25
Hic1,Stat3,1,0.25
Hic1,Vegfa,-1,0.25
Hif1a,Agtr1a,1,0.25
Hif1a,Ar,1,0.25
Hif1a,Ass1,1,0.25
Hey1,Ocln,1,0.25
Myb,Il15,1,0.25
Myb,Il7,1,0.25
Myc,Cd38,1,0.25
Nkx2-5,Dact3,-1,0.25
Nkx2-5,Mef2c,-1,0.25
Nkx3-1,Igf1r,-1,0.25
Nr0b1,Camp,-1,0.25
Nr0b1,Pbx1,1,0.25
Nr1h2,Abcg4,1,0.25
Nr1h4,Nfkb1,1,0.25
Nr1h4,Rela,1,0.25
Nr1h4,Stk11,1,0.25
Nkx2-5,Dact2,-1,0.25
Nr1h4,Vegfa,1,0.25
Nr1i2,Bcl2l1,1,0.25
Nr1i2,Ccl12,-1,0.25
Nr1i2,Coro1c,1,0.25
Nr1i2,Fosl1,1,0.25
Nr1i2,Il10,1,0.25
Nr1i2,Klf6,1,0.25
Nr1i2,Nfkb1,-1,0.25
Nr1i2,Nod1,-1,0.25
Nr1i2,Nod2,-1,0.25
Nr1i2,Bcl2,1,0.25
Nr1i2,Ptafr,1,0.25
Nkx2-5,Dact1,-1,0.25
Nhlh2,Hes1,-1,0.25
Nfkb1,Snai1,1,0.25
Nfkb1,Stk39,1,0.25
Nfkb1,Tf,1,0.25
Nfkb1,Tff1,1,0.25
Nfkb1,Tlr3,1,0.25
Nfkb1,Tlr7,1,0.25
Nfkb1,Tnfrsf13c,1,0.25
Nfkb1,Upp1,1,0.25
Nfkb2,Hif1a,-1,0.25
Nkx2-2,Nppa,1,0.25
Nfya,Ccnd2,1,0.25
Nfya,Gadd45a,1,0.25
Nfya,Sox18,1,0.25
Nfyb,Ccnd2,1,0.25
Nfyb,Cdkn1b,1,0.25
Nfyb,Sox18,1,0.25
Nfyb,Tph1,1,0.25
Nfyc,Ccnd2,1,0.25
Nfyc,Cdkn1b,1,0.25
Nfyc,Sox18,1,0.25
Nfya,Cdkn1b,1,0.25
Nfkb1,Slc25a27,1,0.25
Nr1i2,Rab3a,1,0.25
Nr1i2,Thbs1,1,0.25
Otx2,Igf1,1,0.25
Otx2,Il6,1,0.25
Pa2g4,Agr2,1,0.25
Pa2g4,E2f1,-1,0.25
E2f1,Pa2g4,1,0.25
Pa2g4,Klk1b26,-1,0.25
Pa2g4,Klk1b8,-1,0.25
Pa2g4,Klk1b9,-1,0.25
Pa2g4,Klk1b1,-1,0.25
Otx2,Cdc25c,1,0.25
Pa2g4,Klk1b11,-1,0.25
Pa2g4,Klk1b22,-1,0.25
Pa2g4,Klk1b21,-1,0.25
Pa2g4,Klk1b5,-1,0.25
Pa2g4,Klk1b16,-1,0.25
Pa2g4,Klk1b3,-1,0.25
Pa2g4,Klk1b24,-1,0.25
Pa2g4,Klk1b4,-1,0.25
Pa2g4,Klk1,-1,0.25
Pax5,Bax,1,0.25
Pa2g4,Klk1b27,-1,0.25
Nr1i2,Rela,-1,0.25
Otx2,Ccng2,1,0.25
Otx1,Best1,1,0.25
Nr1i2,Tnfrsf12a,1,0.25
Nr2f1,Dr1,-1,0.25
Nr2f1,Serpinc1,-1,0.25
Nr3c1,Bad,1,0.25
Nr3c1,Bax,1,0.25
Nr3c1,Ccnd3,-1,0.25
Nr3c1,Cdk4,-1,0.25
Nr3c1,Elk1,-1,0.25
Nr3c1,Nfkb1,-1,0.25
Otx2,Aurka,1,0.25
Nr3c1,Rps6ka3,1,0.25
Nr4a1,Babam2,-1,0.25
Nr4a1,Ccna2,-1,0.25
Nr4a1,Cdkn1b,1,0.25
Nr4a1,Mmp2,1,0.25
Nr4a1,Rnf7,-1,0.25
Nr4a1,Timp2,1,0.25
Nr5a1,Ccn3,-1,0.25
Nrf1,Spast,1,0.25
Onecut1,Proc,1,0.25
Nr3c1,Srf,-1,0.25
Etv6,Mad2l1,-1,0.25
Nfkb1,Sdc1,1,0.25
Nfkb1,Rgs4,1,0.25
Mycn,Mcm10,1,0.25
Mycn,Mybl2,1,0.25
Mycn,Trp53inp1,-1,0.25
Myog,Myef2,1,0.25
Nanog,Afp,-1,0.25
Nanog,Cga,-1,0.25
Nanog,Gata2,-1,0.25
Nanog,Klf2,1,0.25
Nanog,Lxn,-1,0.25
Mycn,Hdac2,1,0.25
Nanog,Mtf2,1,0.25
Nanog,Yes1,1,0.25
Ncoa1,Cdkn1a,1,0.25
Ncoa3,Mmp10,1,0.25
Ncoa3,Mmp7,1,0.25
Neurog3,Vsx2,1,0.25
Nfatc1,Cd3g,1,0.25
Nfatc1,Cyp2e1,1,0.25
Nfatc2,Cd3g,-1,0.25
Nfatc3,Ctsd,1,0.25
Nanog,Sox1,1,0.25
Nfatc3,Tff1,1,0.25
Mycn,Efnb3,1,0.25
Mycn,Cdkn1a,1,0.25
Myc,Cdc34,1,0.25
Myc,Chek1,1,0.25
Myc,Chek2,1,0.25
Myc,H2-Q10,1,0.25
Myc,H2-Q7,1,0.25
Myc,H2-K1,1,0.25
Myc,H2-D1,1,0.25
Myc,Ipo7,1,0.25
Myc,Mme,1,0.25
Mycn,Ciita,-1,0.25
Myc,Nfe2,-1,0.25
Myc,Ptbp1,1,0.25
Myc,St3gal3,1,0.25
Myc,St3gal4,1,0.25
Myc,Surf2,1,0.25
Tlx1,Myc,1,0.25
Myc,Tp73,1,0.25
Myc,Xpo1,1,0.25
Mycn,Bax,1,0.25
Mycn,Cd44,1,0.25
Myc,Prodh,-1,0.25
Nfkb1,S100a6,1,0.25
Nfe2l1,Nqo1,1,0.25
Nfib,Cdkn1a,1,0.25
Nfkb1,Fgf8,1,0.25
Nfkb1,Foxp3,1,0.25
Nfkb1,Gfap,1,0.25
Nfkb1,Gkn2,-1,0.25
Nfkb1,Hbegf,1,0.25
Nfkb1,Hyal1,1,0.25
Nfkb1,Lcn2,1,0.25
Nfkb1,Lipe,1,0.25
Nfkb1,Ltc4s,-1,0.25
Nfkb1,Faf1,1,0.25
Nfkb1,Nampt,1,0.25
Nfkb1,Nox4,1,0.25
Nfkb1,Optn,1,0.25
Nfkb1,Pdk4,-1,0.25
Nfkb1,Plin1,1,0.25
Nfkb1,Prox1,1,0.25
Nfkb1,Pten,1,0.25
Nfkb1,Ptgds,1,0.25
Nfkb1,Ptges,1,0.25
Nfkb1,Reps2,-1,0.25
Nfkb1,Ncam1,1,0.25
Nfe2l2,Cat,1,0.25
Nfkb1,Epcam,-1,0.25
Nfkb1,Cxcl12,1,0.25
Nfic,Ccl12,1,0.25
Nfic,Irs2,1,0.25
Nfix,Cdkn1a,-1,0.25
Nfkb1,Abca1,-1,0.25
Nfkb1,Akt2,-1,0.25
Nfkb1,Alox5,-1,0.25
Nfkb1,Bcl2l11,-1,0.25
Nfkb1,Bgn,1,0.25
Nfkb1,Ccl19,1,0.25
Nfkb1,Cxcr2,1,0.25
Nfkb1,Ccnb1,1,0.25
Nfkb1,Ccr3,1,0.25
Nfkb1,Cd3g,1,0.25
Nfkb1,Cdh1,1,0.25
Nfkb1,Cdkn1a,-1,0.25
Nfkb1,Ceacam2,1,0.25
Nfkb1,Ceacam1,1,0.25
Nfkb1,Cfi,1,0.25
Nfkb1,Col2a1,-1,0.25
Nfkb1,Crhr1,1,0.25
Nfkb1,Ccr2,1,0.25
Ets1,Nkx3-1,1,0.25
Etv6,Igfbp5,1,0.25
Etv6,Bbc3,1,0.25
Nfatc2,Mdm2,1,0.25
Nrf1,Ide,1,0.25
Gata1,Cdc6,1,0.25
Gata1,Dach1,-1,0.25
Erg,Tdrd1,1,0.25
Tfap2c,Gpx1,1,0.25
Prox1,Twist1,-1,0.25
Klf2,Ccr5,1,0.25
Sp3,Tff2,-1,0.25
Kdm2a,Ereg,-1,0.25
Stat3,Fgf2,1,0.25
Klf10,Ptgs1,1,0.25
Atf4,Fgf15,1,0.25
Pitx2,Lhx6,1,0.25
Nfat5,Ccl12,-1,0.25
Myc,Gata4,1,0.25
Hbp1,Dnmt1,-1,0.25
Esr1,Zeb1,1,0.25
Sall4,Pten,-1,0.25
Ehf,Dcdc2,-1,0.25
Bcl6,Cdkn2b,-1,0.25
Hey1,Prox1,-1,0.25
Rbpj,Ascl1,-1,0.25
Zhx2,Ccne1,-1,0.25
Gata3,Chst4,1,0.25
Sp1,Chst4,1,0.25
Tbx21,Chst4,1,0.25
Klf4,Il1b,-1,0.25
Msx1,Dkk1,-1,0.25
Pou5f1,Cdkn1a,-1,0.25
Vdr,Il2,-1,0.25
Lhx2,Pou1f1,1,0.25
Kcnip3,Gcm1,-1,0.25
Gli3,Vmp1,1,0.25
Sox11,Spast,1,0.25
Stat3,Akap12,1,0.25
Ahr,Ccng2,1,0.25
Tfdp1,Nrip1,1,0.25
E2f1,Nrip1,1,0.25
Sp1,Cenph,1,0.25
Sp3,Cenph,1,0.25
Mycn,Birc5,1,0.25
Hmga1,Slc2a3,1,0.25
Sox2,Asxl1,1,0.25
Foxp3,Brca1,-1,0.25
Nfe2l2,Brca1,1,0.25
Mycn,Clu,-1,0.25
Gli2,Cdh1,-1,0.25
Satb2,Upf3b,1,0.25
Stat3,Lep,1,0.25
Nkx2-1,Stk11,-1,0.25
Tfap2a,Ecm1,1,0.25
Runx3,Ccnd1,-1,0.25
Sall4,Hoxa9,1,0.25
Gli1,Socs1,1,0.25
Gli2,Socs1,1,0.25
Rela,Bcl2l11,-1,0.25
Foxo1,Fshb,-1,0.25
Jun,Gfap,1,0.25
Gli1,Bhlhe41,1,0.25
Klf9,Pdcd5,1,0.25
Sp1,Cpox,1,0.25
Stat3,Ppara,1,0.25
Wt1,Cdc73,-1,0.25
Foxd3,Ndrg1,1,0.25
Sp1,Ephx1,1,0.25
Sp3,Ephx1,1,0.25
Tp63,Bax,1,0.25
Zhx2,Ccna2,-1,0.25
Tef,Myh7,1,0.25
Nfkb1,Abcg2,1,0.25
Klf4,Sod1,-1,0.25
Hsf1,Atg7,1,0.25
Cdx2,Apc,1,0.25
Foxp3,Usp21,1,0.25
Gata1,Dicer1,1,0.25
Spdef,Cdh1,1,0.25
Hsf4,Dnase2b,1,0.25
Sp1,Mill2,1,0.25
Gli2,Ifitm5,1,0.25
Klf4,Il6,1,0.25
E2f1,Abcb1a,1,0.25
Hes1,Pten,-1,0.25
Klf10,Fgfr1,-1,0.25
Stat3,Nme1,1,0.25
Myc,Hnrnpd,1,0.25
Nfil3,Tnfsf10,-1,0.25
Zeb1,Epcam,-1,0.25
E2f1,Fzd1,1,0.25
Irf1,Optn,1,0.25
Klf8,Mmp14,1,0.25
Foxo3,Myocd,-1,0.25
Nanog,Fgf4,1,0.25
Atf4,Sirt1,1,0.25
Stat3,Ikbke,1,0.25
Tfap4,Sall2,1,0.25
Erg,Wnt11,1,0.25
Yy1,Tbx21,-1,0.25
Pitx1,Tert,-1,0.25
Jun,Itga5,1,0.25
Tfcp2,Fn1,1,0.25
Rbpj,Cdh2,1,0.25
Irf2,Cxcr4,-1,0.25
Runx1,Vegfa,-1,0.25
Atf5,Bcl2,1,0.25
Tp63,Id2,-1,0.25
Sp1,Rgn,-1,0.25
Klf4,Ifitm3,-1,0.25
Pax5,Fhl2,1,0.25
Zbtb14,Fhl2,1,0.25
Sp1,Hsd17b11,1,0.25
Tfap2b,Cryab,1,0.25
Tfap2a,Cryab,1,0.25
Nhlh2,Ascl1,1,0.25
Gata4,Hamp,1,0.25
Gata6,Cav1,-1,0.25
Nr1h4,Krt13,1,0.25
Jun,Serpinb5,1,0.25
Snai2,Cxcl12,1,0.25
Sp1,Kcnq2,1,0.25
Sp1,Kcnq3,1,0.25
Tp53,Klf2,-1,0.25
Ppara,Plin2,-1,0.25
Phox2b,Alk,1,0.25
Cebpd,Ddit3,1,0.25
Foxi1,Cftr,-1,0.25
Stat5a,Cdkn2b,-1,0.25
Snai2,Ube2d3,-1,0.25
Ets1,Serpinb5,1,0.25
Dlx5,Irs2,1,0.25
Nrf1,Prdx3,1,0.25
Hes1,Ctnnd2,-1,0.25
Mycn,Ngfr,-1,0.25
Mycn,Ntrk1,-1,0.25
Runx3,Timp1,1,0.25
Runx1,Pf4,1,0.25
Ybx1,Cdh1,1,0.25
Klf8,Mmp9,1,0.25
Ar,Btg2,-1,0.25
Sp1,Abcb8,1,0.25
Smad3,Angptl4,1,0.25
Nr5a1,Stard7,1,0.25
Erg,Spp1,1,0.25
Tcf12,Cdh1,-1,0.25
Erg,Pim1,1,0.25
Nhlh2,Maoa,1,0.25
Klf6,Cers2,1,0.25
Rela,Nampt,1,0.25
Znf24,Ctnnb1,1,0.25
Znf24,Ccnd1,1,0.25
Zeb2,Itga5,1,0.25
Hsf1,Polk,1,0.25
Atf4,Apoe,1,0.25
Nfe2l2,Sod1,1,0.25
Ddit3,Nos3,-1,0.25
Foxa2,Mmp7,1,0.25
Hmga1,Cdh1,-1,0.25
Hmga1,Twist1,1,0.25
Six1,Cdh1,-1,0.25
Tgif1,Sox3,-1,0.25
E2f1,Tlr3,-1,0.25
Fli1,Phlda1,-1,0.25
Nr3c1,Brca1,1,0.25
Rela,Twist1,1,0.25
Runx3,Jag1,-1,0.25
Klf10,Egfr,-1,0.25
Sox2,Dkk1,1,0.25
Tp53,Xpo1,-1,0.25
Hoxb7,Egfr,1,0.25
Pitx3,Mip,1,0.25
Ar,Cdk20,1,0.25
Myc,Igf2bp1,1,0.25
Yy1,Has2,-1,0.25
Stat3,Krt17,1,0.25
Mycn,Dkk3,-1,0.25
Satb1,Il4,1,0.25
Pgr,Dusp1,1,0.25
Yy1,Postn,-1,0.25
Runx1,Cd34,1,0.25
Twist1,Bmi1,1,0.25
Gata3,Lox,-1,0.25
Mycn,Lrrn3,-1,0.25
Hey1,Bmp2,-1,0.25
Nfix,Chi3l1,1,0.25
Jun,Tgm1,1,0.25
Rela,Hpse,1,0.25
Nfkb1,Hpse,1,0.25
Jund,Gast,1,0.25
Rara,Crh,1,0.25
Rela,Lcn2,1,0.25
Sox17,Fn1,-1,0.25
Creb1,Ndc80,1,0.25
Creb1,Nr2f1,-1,0.25
Creb1,Nr2f6,-1,0.25
Creb1,Snai1,-1,0.25
Creb1,Snai2,-1,0.25
Creb5,Atp6v0e1,1,0.25
Creb5,Cfb,1,0.25
Creb5,Dgkg,1,0.25
Creb5,Lgals3bp,-1,0.25
Creb1,Lyl1,1,0.25
Creb5,Ly96,-1,0.25
Creb5,Rdx,-1,0.25
Creb5,Tgfbr3,1,0.25
Creb5,Tnfrsf11b,-1,0.25
Crem,Dusp4,-1,0.25
Crem,G6pdx,-1,0.25
Jun,Ctnnb1,1,0.25
Dach1,Fos,-1,0.25
Dach1,Tnfsf11,-1,0.25
Ddit3,Atg5,1,0.25
Creb5,Mapkapk3,1,0.25
Ddit3,Cebpa,-1,0.25
Creb1,Grpr,1,0.25
Creb1,Acaca,1,0.25
Bcl6,Bcl2l1,-1,0.25
Bcl6,Fcer2,-1,0.25
Irf4,Bcl6,-1,0.25
Bcl6,Myc,1,0.25
Bcl6,Sumo1,-1,0.25
Bcl6,Xbp1,-1,0.25
Cdx2,Fut2,1,0.25
Cebpa,Ccl12,1,0.25
Cebpb,Irf4,1,0.25
Creb1,Casp8,1,0.25
Cebpb,Pck2,1,0.25
Cebpd,Ccl20,1,0.25
Cebpd,Il23a,1,0.25
Cebpd,Sod1,1,0.25
Cebpd,Tnfaip6,1,0.25
Cebpe,Prg2,-1,0.25
Cebpz,Apc,1,0.25
Clock,Nampt,1,0.25
Clock,Nr3c1,-1,0.25
Clock,Star,1,0.25
Cebpb,Prdm1,1,0.25
Bcl11a,Gata1,1,0.25
Ddit3,Map1lc3b,1,0.25
Ddit3,Sirt1,-1,0.25
Egr1,Klk1,-1,0.25
Egr3,Cat,1,0.25
Elf1,Fcer1a,-1,0.25
Elf4,Mmp9,-1,0.25
Elk1,Eif2ak1,1,0.25
Elk1,Ezh2,1,0.25
Elk1,Mecom,1,0.25
Epas1,Ccr7,1,0.25
Epas1,Col10a1,1,0.25
Egr1,Klk1b4,-1,0.25
Epas1,Mmp14,1,0.25
Erg,Adamts1,1,0.25
Erg,Epb41l3,-1,0.25
Erg,Epb41l4b,1,0.25
Erg,Ilk,-1,0.25
Esr1,Htra2,1,0.25
Ets1,Ca9,-1,0.25
Ets1,Tmem158,1,0.25
Ets2,Lck,1,0.25
Etv3,Rela,-1,0.25
Epas1,Msc,1,0.25
Ddit3,Rtn3,1,0.25
Egr1,Klk1b24,-1,0.25
Egr1,Klk1b16,-1,0.25
Ddit3,Sirt2,-1,0.25
Dlx3,Cga,1,0.25
Dlx5,Ibsp,1,0.25
Dnmt1,Bmp2,-1,0.25
Dnmt1,Casp8,-1,0.25
Dnmt1,Mbd2,-1,0.25
Dr1,Nr1i2,1,0.25
Dr1,Ptgs2,1,0.25
E2f1,Atg5,1,0.25
Egr1,Klk1b3,-1,0.25
E2f1,Chek2,1,0.25
Egr1,Klk1b26,-1,0.25
Egr1,Klk1b8,-1,0.25
Egr1,Klk1b9,-1,0.25
Egr1,Klk1b1,-1,0.25
Egr1,Klk1b11,-1,0.25
Egr1,Klk1b27,-1,0.25
Egr1,Klk1b22,-1,0.25
Egr1,Klk1b21,-1,0.25
Egr1,Klk1b5,-1,0.25
E2f1,Trp53inp1,1,0.25
Etv6,Cdkn1a,1,0.25
Bach2,Xbp1,-1,0.25
Atf6,Wbp1,1,0.25
Yy1,Surf2,1,0.25
Wt1,Jun,1,0.25
Foxa2,Tpo,1,0.25
Tef,Alb,1,0.25
Stat5a,Fcgr1,1,0.25
Crem,Ace,1,0.25
Myc,Sp3,-1,0.25
Hbp1,Myc,-1,0.25
Nfkb1,Egr1,-1,0.25
Dbp,Aldob,1,0.25
Stat6,Sele,-1,0.25
Foxl1,Bmp4,1,0.25
Sp3,Hgf,1,0.25
Etv4,Ccnd2,1,0.25
Ar,Fos,1,0.25
Pax5,Lef1,1,0.25
Gata2,Prg2,-1,0.25
Mtf1,Gclc,1,0.25
Sp1,Itgb3,-1,0.25
Jun,Msr1,1,0.25
Rbpj,Erbb2,1,0.25
Ahr,Ca9,-1,0.25
Foxa2,Scgb1a1,1,0.25
Foxm1,Proc,1,0.25
Sox17,Nfat5,-1,0.25
Zeb1,Smad4,1,0.25
Mycn,Grhl1,-1,0.25
Runx3,Myc,-1,0.25
Sox2,Bmp4,-1,0.25
Myc,Ebna1bp2,1,0.25
Nfkb1,Mcl1,1,0.25
Lef1,Cyld,-1,0.25
Sox10,Mia,1,0.25
Myod1,Hbegf,1,0.25
Sox9,Rlbp1,1,0.25
Gata1,Fcer1a,1,0.25
Foxa2,Abca1,-1,0.25
Gli1,Pdgfra,1,0.25
E2f1,Drosha,1,0.25
Ar,Kiss1,1,0.25
Elf3,Pou5f1,-1,0.25
Zbtb7a,Pkm,-1,0.25
Usf1,Fgg,1,0.25
Jun,Dcn,-1,0.25
Sox9,Rpe65,1,0.25
Bach1,Mmp1a,1,0.25
Ahr,Pcna,1,0.25
Ar,Acta1,1,0.25
Arnt,Fos,-1,0.25
Arnt,Jun,-1,0.25
Ascl1,Dkk1,-1,0.25
Ascl1,Igf2,-1,0.25
Atf1,Fth1,1,0.25
Atf2,Tmprss11d,-1,0.25
Atf2,Rela,1,0.25
Atf2,St3gal5,1,0.25
Atf4,Atg5,1,0.25
Arnt,Cdk2,-1,0.25
Irf7,Atf4,1,0.25
Atf4,Ndc80,1,0.25
Atf4,Plau,1,0.25
Atf4,Sigmar1,1,0.25
Atf4,Sirt2,-1,0.25
Atf5,Creb1,1,0.25
Atf6,Mafa,-1,0.25
Atf6,Nr0b2,1,0.25
Atf6,Pdx1,-1,0.25
Atf6,Stard4,1,0.25
Atf4,Irf7,-1,0.25
Ahr,Rfc3,1,0.25
Arnt,Ccne1,-1,0.25
Ar,Xiap,-1,0.25
Ar,Arg1,1,0.25
Ar,Arg2,1,0.25
Ar,Btg1,-1,0.25
Ar,Cdh1,-1,0.25
Ar,Clk3,-1,0.25
Ar,Ctnnb1,1,0.25
Ar,Ep300,1,0.25
Ar,Hmox1,1,0.25
Ar,Kiss1r,1,0.25
Arid3a,Pml,1,0.25
Ar,Nat2,1,0.25
Ar,Rest,-1,0.25
Ar,Septin7,-1,0.25
Ar,Tgfa,1,0.25
Ar,Tjp1,1,0.25
Ar,Tsc1,-1,0.25
Ar,Ucn,-1,0.25
Ar,Vim,-1,0.25
Ar,Wee1,-1,0.25
Ar,Wnt7b,1,0.25
Ar,Nras,-1,0.25
Zeb2,Gjb2,1,0.25
